bus,hour,penetration_pct,voltage_pu,angle,losses_kw,distance_km
sourcebus,0,0,1.0000407844248143,29.995377785906935,36.480460505643734,
650,0,0,1.000010922998912,-0.007084596509563062,36.480460505643734,
rg60,0,0,1.0436967803028463,-0.008653807483924653,36.480460505643734,0.0
633,0,0,1.0208420972041343,-1.5728943708940368,36.480460505643734,0.7619999999999999
634,0,0,1.0066556191391425,-1.9723230539744012,36.480460505643734,
671,0,0,1.0069995411483166,-3.199225632050444,36.480460505643734,1.2191999999999998
645,0,0,1.0295753150934992,-121.21804278418023,36.480460505643734,0.7619999999999999
646,0,0,1.0285330782692796,-121.2637136161963,36.480460505643734,0.8534399999999999
692,0,0,1.0069995356794927,-3.1992256436238424,36.480460505643734,1.2192003047999997
675,0,0,1.0037665844465606,-3.3831531293889894,36.480460505643734,1.3716003047999998
611,0,0,1.0023232750021656,117.1599954717593,36.480460505643734,1.4020799999999998
652,0,0,1.0023634040013658,-3.1569317554338325,36.480460505643734,1.5544799999999999
670,0,0,1.017599272332728,-2.082513326844851,36.480460505643734,0.8129015999999999
632,0,0,1.022629457080208,-1.53436277663772,36.480460505643734,0.6095999999999999
680,0,0,1.0069995540074888,-3.199225981377728,36.480460505643734,1.5239999999999998
684,0,0,1.0057788550169433,-3.2017952647130667,36.480460505643734,1.3106399999999998
sourcebus,1,0,1.0000484628152937,29.995716650612277,30.38852955244377,
650,1,0,1.0000225596464087,-0.006576981774552312,30.38852955244377,
rg60,1,0,1.0437156311681606,-0.00809242568926216,30.38852955244377,0.0
633,1,0,1.0235955971303572,-1.4413993023837715,30.38852955244377,0.7619999999999999
634,1,0,1.0106442347935893,-1.8051279657464907,30.38852955244377,
671,1,0,1.011618096886349,-2.927972641084081,30.38852955244377,1.2191999999999998
645,1,0,1.024323667903803,-121.13308295664433,30.38852955244377,0.7619999999999999
646,1,0,1.0233723868952014,-121.17503197427969,30.38852955244377,0.8534399999999999
692,1,0,1.0116180918948459,-2.9279726696151034,30.38852955244377,1.2192003047999997
675,1,0,1.0087958422325907,-3.1047305620292995,30.38852955244377,1.3716003047999998
611,1,0,1.002268924176453,117.31033387600142,30.38852955244377,1.4020799999999998
652,1,0,1.0073414247268035,-2.8869964664539896,30.38852955244377,1.5544799999999999
670,1,0,1.0208617552033852,-1.9079944383365506,30.38852955244377,0.8129015999999999
632,1,0,1.0252233223410085,-1.4064032889355487,30.38852955244377,0.6095999999999999
680,1,0,1.0116181098286328,-2.927972988829006,30.38852955244377,1.5239999999999998
684,1,0,1.0104877358083506,-2.928126467392383,30.38852955244377,1.3106399999999998
sourcebus,2,0,1.0000564212359828,29.99606366958054,24.90522362381971,
650,2,0,1.0000340887229033,-0.006049365086705302,24.90522362381971,
rg60,2,0,1.037484540865275,-0.007495953940305612,24.90522362381971,0.0
633,2,0,1.0197836713415163,-1.3206656092379245,24.90522362381971,0.7619999999999999
634,2,0,1.0079809916580833,-1.6534178109727684,24.90522362381971,
671,2,0,1.0094712085372206,-2.6761509393716585,24.90522362381971,1.2191999999999998
645,2,0,1.0255730226498534,-121.04835497415323,24.90522362381971,0.7619999999999999
646,2,0,1.0247066806297151,-121.0865723306484,24.90522362381971,0.8534399999999999
692,2,0,1.0094712039950242,-2.6761509828796695,24.90522362381971,1.2192003047999997
675,2,0,1.0070200442532662,-2.8455385896261287,24.90522362381971,1.3716003047999998
611,2,0,1.0089366057621452,117.4967739819131,24.90522362381971,1.4020799999999998
652,2,0,1.0055862524687733,-2.636152261318046,24.90522362381971,1.5544799999999999
670,2,0,1.0174997880074204,-1.7465189151851643,24.90522362381971,0.8129015999999999
632,2,0,1.021270599370159,-1.288562278839107,24.90522362381971,0.6095999999999999
680,2,0,1.00947122143878,-2.6761512861348615,24.90522362381971,1.5239999999999998
684,2,0,1.0084414822311565,-2.6735466391767835,24.90522362381971,1.3106399999999998
sourcebus,3,0,1.0000564212359828,29.99606366958054,24.90522362381971,
650,3,0,1.0000340887229033,-0.006049365086705302,24.90522362381971,
rg60,3,0,1.037484540865275,-0.007495953940305612,24.90522362381971,0.0
633,3,0,1.0197836713415163,-1.3206656092379245,24.90522362381971,0.7619999999999999
634,3,0,1.0079809916580833,-1.6534178109727684,24.90522362381971,
671,3,0,1.0094712085372206,-2.6761509393716585,24.90522362381971,1.2191999999999998
645,3,0,1.0255730226498534,-121.04835497415323,24.90522362381971,0.7619999999999999
646,3,0,1.0247066806297151,-121.0865723306484,24.90522362381971,0.8534399999999999
692,3,0,1.0094712039950242,-2.6761509828796695,24.90522362381971,1.2192003047999997
675,3,0,1.0070200442532662,-2.8455385896261287,24.90522362381971,1.3716003047999998
611,3,0,1.0089366057621452,117.4967739819131,24.90522362381971,1.4020799999999998
652,3,0,1.0055862524687733,-2.636152261318046,24.90522362381971,1.5544799999999999
670,3,0,1.0174997880074204,-1.7465189151851643,24.90522362381971,0.8129015999999999
632,3,0,1.021270599370159,-1.288562278839107,24.90522362381971,0.6095999999999999
680,3,0,1.00947122143878,-2.6761512861348615,24.90522362381971,1.5239999999999998
684,3,0,1.0084414822311565,-2.6735466391767835,24.90522362381971,1.3106399999999998
sourcebus,4,0,1.0000484628152937,29.995716650612277,30.38852955244377,
650,4,0,1.0000225596464087,-0.006576981774552312,30.38852955244377,
rg60,4,0,1.0437156311681606,-0.00809242568926216,30.38852955244377,0.0
633,4,0,1.0235955971303572,-1.4413993023837715,30.38852955244377,0.7619999999999999
634,4,0,1.0106442347935893,-1.8051279657464907,30.38852955244377,
671,4,0,1.011618096886349,-2.927972641084081,30.38852955244377,1.2191999999999998
645,4,0,1.024323667903803,-121.13308295664433,30.38852955244377,0.7619999999999999
646,4,0,1.0233723868952014,-121.17503197427969,30.38852955244377,0.8534399999999999
692,4,0,1.0116180918948459,-2.9279726696151034,30.38852955244377,1.2192003047999997
675,4,0,1.0087958422325907,-3.1047305620292995,30.38852955244377,1.3716003047999998
611,4,0,1.002268924176453,117.31033387600142,30.38852955244377,1.4020799999999998
652,4,0,1.0073414247268035,-2.8869964664539896,30.38852955244377,1.5544799999999999
670,4,0,1.0208617552033852,-1.9079944383365506,30.38852955244377,0.8129015999999999
632,4,0,1.0252233223410085,-1.4064032889355487,30.38852955244377,0.6095999999999999
680,4,0,1.0116181098286328,-2.927972988829006,30.38852955244377,1.5239999999999998
684,4,0,1.0104877358083506,-2.928126467392383,30.38852955244377,1.3106399999999998
sourcebus,5,0,1.0000326843622147,29.99504306019556,43.47524357944844,
650,5,0,0.9999989448266996,-0.007590710795329491,43.47524357944844,
rg60,5,0,1.043677426479967,-0.009212595803295092,43.47524357944844,0.0
633,5,0,1.0181310033746729,-1.7064755491260775,43.47524357944844,0.7619999999999999
634,5,0,1.0027008139931084,-2.142010184416821,43.47524357944844,
671,5,0,1.002458690661604,-3.477934676973489,43.47524357944844,1.2191999999999998
645,5,0,1.0283884382847681,-121.30702455952273,43.47524357944844,0.7619999999999999
646,5,0,1.027261438948739,-121.35639313355122,43.47524357944844,0.8534399999999999
692,5,0,1.0024586847095345,-3.477934671405514,43.47524357944844,1.2192003047999997
675,5,0,0.9988127997972661,-3.6698290455828775,43.47524357944844,1.3716003047999998
611,5,0,0.9955730066962606,116.98003991988085,43.47524357944844,1.4020799999999998
652,5,0,0.9974673910362167,-3.4345252719754753,43.47524357944844,1.5544799999999999
670,5,0,1.0143897584788741,-2.2607779950648506,43.47524357944844,0.8129015999999999
632,5,0,1.0200750678264936,-1.6644705511758024,43.47524357944844,0.6095999999999999
680,5,0,1.002458703457314,-3.47793502767425,43.47524357944844,1.5239999999999998
684,5,0,1.0011494612733995,-3.483120176620278,43.47524357944844,1.3106399999999998
sourcebus,6,0,1.0000079530812374,29.99403542571096,67.84840696794019,
650,6,0,0.9999622609295673,-0.00915024647388176,67.84840696794019,
rg60,6,0,1.0561166020678947,-0.010940484055678443,67.84840696794019,0.0
633,6,0,1.0227671279193336,-2.0573135651286556,67.84840696794019,0.7619999999999999
634,6,0,1.0037861744377308,-2.590419640850239,67.84840696794019,
671,6,0,1.0018206984689046,-4.2249974111287925,67.84840696794019,1.2191999999999998
645,6,0,1.0245749896092209,-121.57859397961647,67.84840696794019,0.7619999999999999
646,6,0,1.0231914904747539,-121.63965124669846,67.84840696794019,0.8534399999999999
692,6,0,1.0018206911262701,-4.224997357870018,67.84840696794019,1.2192003047999997
675,6,0,0.9970248009183048,-4.438949738519008,67.84840696794019,1.3716003047999998
611,6,0,0.9888877070397131,116.47532433303009,67.84840696794019,1.4020799999999998
652,6,0,0.9957009106250755,-4.178084864912345,67.84840696794019,1.5544799999999999
670,6,0,1.017578740387586,-2.73309964996948,67.84840696794019,0.8129015999999999
632,6,0,1.0251588495914374,-2.006504824828793,67.84840696794019,0.6095999999999999
680,6,0,1.001820711272496,-4.224997763415777,67.84840696794019,1.5239999999999998
684,6,0,1.0002248859505822,-4.237861295408834,67.84840696794019,1.3106399999999998
sourcebus,7,0,0.9999909451862834,29.993383051094938,88.47898295121848,
650,7,0,0.9999368551130664,-0.010148763557660463,88.47898295121848,
rg60,7,0,1.0560753427066183,-0.012023168847684684,88.47898295121848,0.0
633,7,0,1.0171028827602853,-2.324414676968579,88.47898295121848,0.7619999999999999
634,7,0,0.99556601828496,-2.932478490510049,88.47898295121848,
671,7,0,0.9924045003383011,-4.793480808787225,88.47898295121848,1.2191999999999998
645,7,0,1.0221578772875888,-121.75891469079131,88.47898295121848,0.7619999999999999
646,7,0,1.0206074445625684,-121.8272947542048,88.47898295121848,0.8534399999999999
692,7,0,0.9924044919948679,-4.793480719469906,88.47898295121848,1.2192003047999997
675,7,0,0.9867540696405855,-5.024535627825529,88.47898295121848,1.3716003047999998
611,7,0,0.9749935736955306,116.10985247097683,88.47898295121848,1.4020799999999998
652,7,0,0.9856036853963315,-4.744331196702253,88.47898295121848,1.5544799999999999
670,7,0,1.0108805872832902,-3.091880707976837,88.47898295121848,0.8129015999999999
632,7,0,1.0198168454138983,-2.2664743572567536,88.47898295121848,0.6095999999999999
680,7,0,0.9924045130104561,-4.793481163935045,88.47898295121848,1.5239999999999998
684,7,0,0.990641686262656,-4.811551445135379,88.47898295121848,1.3106399999999998
sourcebus,8,0,0.9999823028792607,29.993059906048355,100.0157849345057,
650,8,0,0.9999239071163663,-0.010644941116394524,100.0157849345057,
rg60,8,0,1.0560543637072286,-0.012557401634272897,100.0157849345057,0.0
633,8,0,1.0142196191784774,-2.459119694304793,100.0157849345057,0.7619999999999999
634,8,0,0.9913867382350938,-3.105500650737529,100.0157849345057,
671,8,0,0.9876253118446093,-5.082097836378317,100.0157849345057,1.2191999999999998
645,8,0,1.0209447213302327,-121.84941101325305,100.0157849345057,0.7619999999999999
646,8,0,1.019311352261681,-121.92142321417653,100.0157849345057,0.8534399999999999
692,8,0,0.9876253029924913,-5.082097728567892,100.0157849345057,1.2192003047999997
675,8,0,0.9815404797704191,-5.322007868352921,100.0157849345057,1.3716003047999998
611,8,0,0.9679512790303555,115.9248270298591,100.0157849345057,1.4020799999999998
652,8,0,0.9804910212703398,-5.03183166664305,100.0157849345057,1.5544799999999999
670,8,0,1.007473003379783,-3.273192414218148,100.0157849345057,0.8129015999999999
632,8,0,1.0170970003216437,-2.3975346038962115,100.0157849345057,0.6095999999999999
680,8,0,0.9876253244501667,-5.082098192998497,100.0157849345057,1.5239999999999998
684,8,0,0.9857813935128473,-5.102770669517016,100.0157849345057,1.3106399999999998
sourcebus,9,0,0.9999735655883522,29.992738866061895,112.3917090551033,
650,9,0,0.9999107900848003,-0.011138980826177983,112.3917090551033,
rg60,9,0,1.056033143819324,-0.01308671700471866,112.3917090551033,0.0
633,9,0,1.0113009764965395,-2.59462926162611,112.3917090551033,0.7619999999999999
634,9,0,0.9871595707364196,-3.279911406234605,112.3917090551033,
671,9,0,0.9827968680110032,-5.37376969586427,112.3917090551033,1.2191999999999998
645,9,0,1.0197286174291875,-121.940137124525,112.3917090551033,0.7619999999999999
646,9,0,1.0180126704388597,-122.01576134642072,112.3917090551033,0.8534399999999999
692,9,0,0.9827968586444553,-5.373769569236181,112.3917090551033,1.2192003047999997
675,9,0,0.9762726889015545,-5.62274907131586,112.3917090551033,1.3716003047999998
611,9,0,0.9608427430890604,115.73820199802974,112.3917090551033,1.4020799999999998
652,9,0,0.9753338819618049,-5.322388173566026,112.3917090551033,1.5544799999999999
670,9,0,1.0040249149992404,-3.455842746605713,112.3917090551033,0.8129015999999999
632,9,0,1.014343366175742,-2.52934428621472,112.3917090551033,0.6095999999999999
680,9,0,0.9827968805493558,-5.373770053986291,112.3917090551033,1.5239999999999998
684,9,0,0.980873472633633,-5.397043830196654,112.3917090551033,1.3106399999999998
sourcebus,10,0,0.9999735655883522,29.992738866061895,112.3917090551033,
650,10,0,0.9999107900848003,-0.011138980826177983,112.3917090551033,
rg60,10,0,1.056033143819324,-0.01308671700471866,112.3917090551033,0.0
633,10,0,1.0113009764965395,-2.59462926162611,112.3917090551033,0.7619999999999999
634,10,0,0.9871595707364196,-3.279911406234605,112.3917090551033,
671,10,0,0.9827968680110032,-5.37376969586427,112.3917090551033,1.2191999999999998
645,10,0,1.0197286174291875,-121.940137124525,112.3917090551033,0.7619999999999999
646,10,0,1.0180126704388597,-122.01576134642072,112.3917090551033,0.8534399999999999
692,10,0,0.9827968586444553,-5.373769569236181,112.3917090551033,1.2192003047999997
675,10,0,0.9762726889015545,-5.62274907131586,112.3917090551033,1.3716003047999998
611,10,0,0.9608427430890604,115.73820199802974,112.3917090551033,1.4020799999999998
652,10,0,0.9753338819618049,-5.322388173566026,112.3917090551033,1.5544799999999999
670,10,0,1.0040249149992404,-3.455842746605713,112.3917090551033,0.8129015999999999
632,10,0,1.014343366175742,-2.52934428621472,112.3917090551033,0.6095999999999999
680,10,0,0.9827968805493558,-5.373770053986291,112.3917090551033,1.5239999999999998
684,10,0,0.980873472633633,-5.397043830196654,112.3917090551033,1.3106399999999998
sourcebus,11,0,0.9999823028792607,29.993059906048355,100.0157849345057,
650,11,0,0.9999239071163663,-0.010644941116394524,100.0157849345057,
rg60,11,0,1.0560543637072286,-0.012557401634272897,100.0157849345057,0.0
633,11,0,1.0142196191784774,-2.459119694304793,100.0157849345057,0.7619999999999999
634,11,0,0.9913867382350938,-3.105500650737529,100.0157849345057,
671,11,0,0.9876253118446093,-5.082097836378317,100.0157849345057,1.2191999999999998
645,11,0,1.0209447213302327,-121.84941101325305,100.0157849345057,0.7619999999999999
646,11,0,1.019311352261681,-121.92142321417653,100.0157849345057,0.8534399999999999
692,11,0,0.9876253029924913,-5.082097728567892,100.0157849345057,1.2192003047999997
675,11,0,0.9815404797704191,-5.322007868352921,100.0157849345057,1.3716003047999998
611,11,0,0.9679512790303555,115.9248270298591,100.0157849345057,1.4020799999999998
652,11,0,0.9804910212703398,-5.03183166664305,100.0157849345057,1.5544799999999999
670,11,0,1.007473003379783,-3.273192414218148,100.0157849345057,0.8129015999999999
632,11,0,1.0170970003216437,-2.3975346038962115,100.0157849345057,0.6095999999999999
680,11,0,0.9876253244501667,-5.082098192998497,100.0157849345057,1.5239999999999998
684,11,0,0.9857813935128473,-5.102770669517016,100.0157849345057,1.3106399999999998
sourcebus,12,0,0.9999909451862834,29.993383051094938,88.47898295121848,
650,12,0,0.9999368551130664,-0.010148763557660463,88.47898295121848,
rg60,12,0,1.0560753427066183,-0.012023168847684684,88.47898295121848,0.0
633,12,0,1.0171028827602853,-2.324414676968579,88.47898295121848,0.7619999999999999
634,12,0,0.99556601828496,-2.932478490510049,88.47898295121848,
671,12,0,0.9924045003383011,-4.793480808787225,88.47898295121848,1.2191999999999998
645,12,0,1.0221578772875888,-121.75891469079131,88.47898295121848,0.7619999999999999
646,12,0,1.0206074445625684,-121.8272947542048,88.47898295121848,0.8534399999999999
692,12,0,0.9924044919948679,-4.793480719469906,88.47898295121848,1.2192003047999997
675,12,0,0.9867540696405855,-5.024535627825529,88.47898295121848,1.3716003047999998
611,12,0,0.9749935736955306,116.10985247097683,88.47898295121848,1.4020799999999998
652,12,0,0.9856036853963315,-4.744331196702253,88.47898295121848,1.5544799999999999
670,12,0,1.0108805872832902,-3.091880707976837,88.47898295121848,0.8129015999999999
632,12,0,1.0198168454138983,-2.2664743572567536,88.47898295121848,0.6095999999999999
680,12,0,0.9924045130104561,-4.793481163935045,88.47898295121848,1.5239999999999998
684,12,0,0.990641686262656,-4.811551445135379,88.47898295121848,1.3106399999999998
sourcebus,13,0,0.9999909451862834,29.993383051094938,88.47898295121848,
650,13,0,0.9999368551130664,-0.010148763557660463,88.47898295121848,
rg60,13,0,1.0560753427066183,-0.012023168847684684,88.47898295121848,0.0
633,13,0,1.0171028827602853,-2.324414676968579,88.47898295121848,0.7619999999999999
634,13,0,0.99556601828496,-2.932478490510049,88.47898295121848,
671,13,0,0.9924045003383011,-4.793480808787225,88.47898295121848,1.2191999999999998
645,13,0,1.0221578772875888,-121.75891469079131,88.47898295121848,0.7619999999999999
646,13,0,1.0206074445625684,-121.8272947542048,88.47898295121848,0.8534399999999999
692,13,0,0.9924044919948679,-4.793480719469906,88.47898295121848,1.2192003047999997
675,13,0,0.9867540696405855,-5.024535627825529,88.47898295121848,1.3716003047999998
611,13,0,0.9749935736955306,116.10985247097683,88.47898295121848,1.4020799999999998
652,13,0,0.9856036853963315,-4.744331196702253,88.47898295121848,1.5544799999999999
670,13,0,1.0108805872832902,-3.091880707976837,88.47898295121848,0.8129015999999999
632,13,0,1.0198168454138983,-2.2664743572567536,88.47898295121848,0.6095999999999999
680,13,0,0.9924045130104561,-4.793481163935045,88.47898295121848,1.5239999999999998
684,13,0,0.990641686262656,-4.811551445135379,88.47898295121848,1.3106399999999998
sourcebus,14,0,0.9999823028792607,29.993059906048355,100.0157849345057,
650,14,0,0.9999239071163663,-0.010644941116394524,100.0157849345057,
rg60,14,0,1.0560543637072286,-0.012557401634272897,100.0157849345057,0.0
633,14,0,1.0142196191784774,-2.459119694304793,100.0157849345057,0.7619999999999999
634,14,0,0.9913867382350938,-3.105500650737529,100.0157849345057,
671,14,0,0.9876253118446093,-5.082097836378317,100.0157849345057,1.2191999999999998
645,14,0,1.0209447213302327,-121.84941101325305,100.0157849345057,0.7619999999999999
646,14,0,1.019311352261681,-121.92142321417653,100.0157849345057,0.8534399999999999
692,14,0,0.9876253029924913,-5.082097728567892,100.0157849345057,1.2192003047999997
675,14,0,0.9815404797704191,-5.322007868352921,100.0157849345057,1.3716003047999998
611,14,0,0.9679512790303555,115.9248270298591,100.0157849345057,1.4020799999999998
652,14,0,0.9804910212703398,-5.03183166664305,100.0157849345057,1.5544799999999999
670,14,0,1.007473003379783,-3.273192414218148,100.0157849345057,0.8129015999999999
632,14,0,1.0170970003216437,-2.3975346038962115,100.0157849345057,0.6095999999999999
680,14,0,0.9876253244501667,-5.082098192998497,100.0157849345057,1.5239999999999998
684,14,0,0.9857813935128473,-5.102770669517016,100.0157849345057,1.3106399999999998
sourcebus,15,0,0.9999735655883522,29.992738866061895,112.3917090551033,
650,15,0,0.9999107900848003,-0.011138980826177983,112.3917090551033,
rg60,15,0,1.056033143819324,-0.01308671700471866,112.3917090551033,0.0
633,15,0,1.0113009764965395,-2.59462926162611,112.3917090551033,0.7619999999999999
634,15,0,0.9871595707364196,-3.279911406234605,112.3917090551033,
671,15,0,0.9827968680110032,-5.37376969586427,112.3917090551033,1.2191999999999998
645,15,0,1.0197286174291875,-121.940137124525,112.3917090551033,0.7619999999999999
646,15,0,1.0180126704388597,-122.01576134642072,112.3917090551033,0.8534399999999999
692,15,0,0.9827968586444553,-5.373769569236181,112.3917090551033,1.2192003047999997
675,15,0,0.9762726889015545,-5.62274907131586,112.3917090551033,1.3716003047999998
611,15,0,0.9608427430890604,115.73820199802974,112.3917090551033,1.4020799999999998
652,15,0,0.9753338819618049,-5.322388173566026,112.3917090551033,1.5544799999999999
670,15,0,1.0040249149992404,-3.455842746605713,112.3917090551033,0.8129015999999999
632,15,0,1.014343366175742,-2.52934428621472,112.3917090551033,0.6095999999999999
680,15,0,0.9827968805493558,-5.373770053986291,112.3917090551033,1.5239999999999998
684,15,0,0.980873472633633,-5.397043830196654,112.3917090551033,1.3106399999999998
sourcebus,16,0,0.999965105673169,29.992401414111864,124.28081989339438,
650,16,0,0.9998978876995543,-0.011655725251202422,124.28081989339438,
rg60,16,0,1.0622607198296066,-0.013649387074670623,124.28081989339438,0.0
633,16,0,1.01490979064673,-2.702631660275136,124.28081989339438,0.7619999999999999
634,16,0,0.9896203462191447,-3.417856986072904,124.28081989339438,
671,16,0,0.9846651440453326,-5.607236142527288,124.28081989339438,1.2191999999999998
645,16,0,1.0249554784671535,-122.01441929189996,124.28081989339438,0.7619999999999999
646,16,0,1.023145886590213,-122.09365863453928,124.28081989339438,0.8534399999999999
692,16,0,0.9846651342218505,-5.60723600056912,124.28081989339438,1.2192003047999997
675,16,0,0.9777624205365565,-5.863294618849024,124.28081989339438,1.3716003047999998
611,16,0,0.9607586203471097,115.59058959777256,124.28081989339438,1.4020799999999998
652,16,0,0.9768183153316894,-5.554622466149076,124.28081989339438,1.5544799999999999
670,16,0,1.0071469350994369,-3.6016719528496894,124.28081989339438,0.8129015999999999
632,16,0,1.0180968019655439,-2.6344764448523033,124.28081989339438,0.6095999999999999
680,16,0,0.9846651566022714,-5.607236501907569,124.28081989339438,1.5239999999999998
684,16,0,0.982643807379297,-5.632992677600412,124.28081989339438,1.3106399999999998
sourcebus,17,0,0.9999561801447486,29.99208398157475,138.23969560759733,
650,17,0,0.9998844252063682,-0.012146192775097285,138.23969560759733,
rg60,17,0,1.0622388760340322,-0.014169848628751857,138.23969560759733,0.0
633,17,0,1.011936627628293,-2.838391491057551,138.23969560759733,0.7619999999999999
634,17,0,0.9853225482440843,-3.593162404993842,138.23969560759733,
671,17,0,0.9797625260682853,-5.901868527084314,138.23969560759733,1.2191999999999998
645,17,0,1.023742855138115,-122.10466238793695,138.23969560759733,0.7619999999999999
646,17,0,1.0218508489437688,-122.18747494553963,138.23969560759733,0.8534399999999999
692,17,0,0.9797625157221469,-5.901868365870551,138.23969560759733,1.2192003047999997
675,17,0,0.9724134703774502,-6.167304583521269,138.23969560759733,1.3716003047999998
611,17,0,0.9535458327931144,115.4026478139641,138.23969560759733,1.4020799999999998
652,17,0,0.9715937183476756,-5.848137113929835,138.23969560759733,1.5544799999999999
670,17,0,1.0036362165674086,-3.785118710701188,138.23969560759733,0.8129015999999999
632,17,0,1.015290648296311,-2.766470102860964,138.23969560759733,0.6095999999999999
680,17,0,0.9797625385571337,-5.901868888010423,138.23969560759733,1.5239999999999998
684,17,0,0.9776640425405168,-5.930219783012257,138.23969560759733,1.3106399999999998
sourcebus,18,0,0.999965105673169,29.992401414111864,124.28081989339438,
650,18,0,0.9998978876995543,-0.011655725251202422,124.28081989339438,
rg60,18,0,1.0622607198296066,-0.013649387074670623,124.28081989339438,0.0
633,18,0,1.01490979064673,-2.702631660275136,124.28081989339438,0.7619999999999999
634,18,0,0.9896203462191447,-3.417856986072904,124.28081989339438,
671,18,0,0.9846651440453326,-5.607236142527288,124.28081989339438,1.2191999999999998
645,18,0,1.0249554784671535,-122.01441929189996,124.28081989339438,0.7619999999999999
646,18,0,1.023145886590213,-122.09365863453928,124.28081989339438,0.8534399999999999
692,18,0,0.9846651342218505,-5.60723600056912,124.28081989339438,1.2192003047999997
675,18,0,0.9777624205365565,-5.863294618849024,124.28081989339438,1.3716003047999998
611,18,0,0.9607586203471097,115.59058959777256,124.28081989339438,1.4020799999999998
652,18,0,0.9768183153316894,-5.554622466149076,124.28081989339438,1.5544799999999999
670,18,0,1.0071469350994369,-3.6016719528496894,124.28081989339438,0.8129015999999999
632,18,0,1.0180968019655439,-2.6344764448523033,124.28081989339438,0.6095999999999999
680,18,0,0.9846651566022714,-5.607236501907569,124.28081989339438,1.5239999999999998
684,18,0,0.982643807379297,-5.632992677600412,124.28081989339438,1.3106399999999998
sourcebus,19,0,0.9999823028792607,29.993059906048355,100.0157849345057,
650,19,0,0.9999239071163663,-0.010644941116394524,100.0157849345057,
rg60,19,0,1.0560543637072286,-0.012557401634272897,100.0157849345057,0.0
633,19,0,1.0142196191784774,-2.459119694304793,100.0157849345057,0.7619999999999999
634,19,0,0.9913867382350938,-3.105500650737529,100.0157849345057,
671,19,0,0.9876253118446093,-5.082097836378317,100.0157849345057,1.2191999999999998
645,19,0,1.0209447213302327,-121.84941101325305,100.0157849345057,0.7619999999999999
646,19,0,1.019311352261681,-121.92142321417653,100.0157849345057,0.8534399999999999
692,19,0,0.9876253029924913,-5.082097728567892,100.0157849345057,1.2192003047999997
675,19,0,0.9815404797704191,-5.322007868352921,100.0157849345057,1.3716003047999998
611,19,0,0.9679512790303555,115.9248270298591,100.0157849345057,1.4020799999999998
652,19,0,0.9804910212703398,-5.03183166664305,100.0157849345057,1.5544799999999999
670,19,0,1.007473003379783,-3.273192414218148,100.0157849345057,0.8129015999999999
632,19,0,1.0170970003216437,-2.3975346038962115,100.0157849345057,0.6095999999999999
680,19,0,0.9876253244501667,-5.082098192998497,100.0157849345057,1.5239999999999998
684,19,0,0.9857813935128473,-5.102770669517016,100.0157849345057,1.3106399999999998
sourcebus,20,0,0.9999994946035118,29.993708242517844,77.76244206190562,
650,20,0,0.9999496384174561,-0.009650512343031624,77.76244206190562,
rg60,20,0,1.056096086973592,-0.011484154281831143,77.76244206190562,0.0
633,20,0,1.0199517326025893,-2.190486985776325,77.76244206190562,0.7619999999999999
634,20,0,0.999698731125863,-2.760798570496103,77.76244206190562,
671,20,0,0.9971358312885729,-4.507812637875849,77.76244206190562,1.2191999999999998
645,20,0,1.0233679899294084,-121.66864471798512,77.76244206190562,0.7619999999999999
646,20,0,1.021900848386112,-121.73337299346626,77.76244206190562,0.8534399999999999
692,20,0,0.9971358234482476,-4.507812566738745,77.76244206190562,1.2192003047999997
675,20,0,0.9919149999698871,-4.730217545692759,77.76244206190562,1.3716003047999998
611,20,0,0.9819717949873199,116.29333705866547,77.76244206190562,1.4020799999999998
652,20,0,0.9906732050525269,-4.4597808632805975,77.76244206190562,1.5544799999999999
670,20,0,1.0142487930707387,-2.9118628419982637,77.76244206190562,0.8129015999999999
632,20,0,1.0225038234959978,-2.136138220600202,77.76244206190562,0.6095999999999999
680,20,0,0.9971358440267334,-4.507812991579617,77.76244206190562,1.5239999999999998
684,20,0,0.9954557259874477,-4.523280254838577,77.76244206190562,1.3106399999999998
sourcebus,21,0,1.000016267725198,29.994371818650468,59.22498634776348,
650,21,0,0.9999746253999915,-0.00862323695069924,59.22498634776348,
rg60,21,0,1.0498874736324166,-0.010355406031830059,59.22498634776348,0.0
633,21,0,1.0190779495742828,-1.9503286220103613,59.22498634776348,0.7619999999999999
634,21,0,1.0012408934804087,-2.453185825045704,59.22498634776348,
671,21,0,0.9998467757607663,-3.9941060628137324,59.22498634776348,1.2191999999999998
645,21,0,1.0258951399159333,-121.48724364693025,59.22498634776348,0.7619999999999999
646,21,0,1.0245976288352394,-121.54428204217265,59.22498634776348,0.8534399999999999
692,21,0,0.9998467688681176,-3.9941060246357836,59.22498634776348,1.2192003047999997
675,21,0,0.9954159838348058,-4.20112196931983,59.22498634776348,1.3716003047999998
611,21,0,0.9888270243734161,116.63651329674565,59.22498634776348,1.4020799999999998
652,21,0,0.9941165009041302,-3.948390644782962,59.22498634776348,1.5544799999999999
670,21,0,1.014362353177835,-2.5881943597783863,59.22498634776348,0.8129015999999999
632,21,0,1.0213255444792166,-1.9021202545231655,59.22498634776348,0.6095999999999999
680,21,0,0.9998467885284331,-3.994106415015215,59.22498634776348,1.5239999999999998
684,21,0,0.9983509146108802,-4.00444200827765,59.22498634776348,1.3106399999999998
sourcebus,22,0,1.0000245477402725,29.994702847497557,50.78746608594196,
650,22,0,0.999986924976702,-0.008119776441612745,50.78746608594196,
rg60,22,0,1.0499074059615712,-0.009803795741836952,50.78746608594196,0.0
633,22,0,1.021842363896541,-1.8168742143439147,50.78746608594196,0.7619999999999999
634,22,0,1.0052636999570972,-2.2830646373896535,50.78746608594196,
671,22,0,1.0044614148160729,-3.7132474093115966,50.78746608594196,1.2191999999999998
645,22,0,1.02709065178425,-121.3977235616201,50.78746608594196,0.7619999999999999
646,22,0,1.0258773523418638,-121.45107737018863,50.78746608594196,0.8534399999999999
692,22,0,1.0044614084140977,-3.7132473886432127,50.78746608594196,1.2192003047999997
675,22,0,1.0004497559849148,-3.912057530394744,50.78746608594196,1.3716003047999998
611,22,0,0.9956584938331111,116.81733726611353,50.78746608594196,1.4020799999999998
652,22,0,0.9990802068629483,-3.6686496560980797,50.78746608594196,1.5544799999999999
670,22,0,1.0176333709438081,-2.4095934798665484,50.78746608594196,0.8129015999999999
632,22,0,1.0239313128087333,-1.7721754326316062,50.78746608594196,0.6095999999999999
680,22,0,1.004461427648224,-3.713247760117698,50.78746608594196,1.5239999999999998
684,22,0,1.0030519948900618,-3.7209738448948033,50.78746608594196,1.3106399999999998
sourcebus,23,0,1.0000326843622147,29.99504306019556,43.47524357944844,
650,23,0,0.9999989448266996,-0.007590710795329491,43.47524357944844,
rg60,23,0,1.043677426479967,-0.009212595803295092,43.47524357944844,0.0
633,23,0,1.0181310033746729,-1.7064755491260775,43.47524357944844,0.7619999999999999
634,23,0,1.0027008139931084,-2.142010184416821,43.47524357944844,
671,23,0,1.002458690661604,-3.477934676973489,43.47524357944844,1.2191999999999998
645,23,0,1.0283884382847681,-121.30702455952273,43.47524357944844,0.7619999999999999
646,23,0,1.027261438948739,-121.35639313355122,43.47524357944844,0.8534399999999999
692,23,0,1.0024586847095345,-3.477934671405514,43.47524357944844,1.2192003047999997
675,23,0,0.9988127997972661,-3.6698290455828775,43.47524357944844,1.3716003047999998
611,23,0,0.9955730066962606,116.98003991988085,43.47524357944844,1.4020799999999998
652,23,0,0.9974673910362167,-3.4345252719754753,43.47524357944844,1.5544799999999999
670,23,0,1.0143897584788741,-2.2607779950648506,43.47524357944844,0.8129015999999999
632,23,0,1.0200750678264936,-1.6644705511758024,43.47524357944844,0.6095999999999999
680,23,0,1.002458703457314,-3.47793502767425,43.47524357944844,1.5239999999999998
684,23,0,1.0011494612733995,-3.483120176620278,43.47524357944844,1.3106399999999998
sourcebus,0,20,1.0000516230129295,29.997268725441778,20.952829969472308,
650,0,20,1.0000249749599348,-0.0045302764138262135,20.952829969472308,
rg60,0,20,1.037477781252788,-0.005354666392543705,20.952829969472308,0.0
633,0,20,1.019539071916944,-1.0725034187443894,20.952829969472308,0.7619999999999999
634,0,20,1.005334735815158,-1.4729440994390333,20.952829969472308,
671,0,20,1.0083359609892983,-2.3728287175549556,20.952829969472308,1.2191999999999998
645,0,20,1.0243645256765277,-120.73086460444529,20.952829969472308,0.7619999999999999
646,0,20,1.0233269198878094,-120.7766502463695,20.952829969472308,0.8534399999999999
692,0,20,1.0083359575184483,-2.3728287299887825,20.952829969472308,1.2192003047999997
675,0,20,1.005631347970712,-2.534815966822381,20.952829969472308,1.3716003047999998
611,0,20,1.0027709440147217,118.05051034812975,20.952829969472308,1.4020799999999998
652,0,20,1.0036926575158225,-2.330515307960211,20.952829969472308,1.5544799999999999
670,0,20,1.0168882384325781,-1.5005548896383185,20.952829969472308,0.8129015999999999
632,0,20,1.02083826246341,-1.0716474630085688,20.952829969472308,0.6095999999999999
680,0,20,1.0083359738796673,-2.3728290661216485,20.952829969472308,1.5239999999999998
684,0,20,1.0071126378271102,-2.375378817239444,20.952829969472308,1.3106399999999998
sourcebus,1,20,1.0000593717359696,29.99760931541037,16.355264332499253,
650,1,20,1.0000363482940522,-0.0040212095368936185,16.355264332499253,
rg60,1,20,1.0374961612175417,-0.004785115914115034,16.355264332499253,0.0
633,1,20,1.0221626320503994,-0.9412154982615806,16.355264332499253,0.7619999999999999
634,1,20,1.0091936736326272,-1.305947067557099,16.355264332499253,
671,1,20,1.0127575694790028,-2.101623340530227,16.355264332499253,1.2191999999999998
645,1,20,1.0255552010842321,-120.6407757242176,16.355264332499253,0.7619999999999999
646,1,20,1.0246022952010683,-120.68283289081197,16.355264332499253,0.8534399999999999
692,1,20,1.0127575664769533,-2.1016233697649644,16.355264332499253,1.2192003047999997
675,1,20,1.010457483746787,-2.2561073503728784,16.355264332499253,1.3716003047999998
611,1,20,1.0093394763751724,118.22438596498704,16.355264332499253,1.4020799999999998
652,1,20,1.0084747374148493,-2.060433293698027,16.355264332499253,1.5544799999999999
670,1,20,1.0199956825801206,-1.3257389022000403,16.355264332499253,0.8129015999999999
632,1,20,1.023306838840064,-0.9435756800470193,16.355264332499253,0.6095999999999999
680,1,20,1.0127575824314268,-2.101623687793968,16.355264332499253,1.5239999999999998
684,1,20,1.0116245882637298,-2.101563294636422,16.355264332499253,1.3106399999999998
sourcebus,2,20,1.0000667370142782,29.997962044196157,12.54695238604974,
650,2,20,1.000047251662162,-0.00349401028083252,12.54695238604974,
rg60,2,20,1.0312638654846804,-0.004185795281229841,12.54695238604974,0.0
633,2,20,1.0183951712645714,-0.8177801866658457,12.54695238604974,0.7619999999999999
634,2,20,1.0065760258628624,-1.151449896184784,12.54695238604974,
671,2,20,1.0106962998701505,-1.8500094864050876,12.54695238604974,1.2191999999999998
645,2,20,1.0203877181761765,-120.55260240286142,12.54695238604974,0.7619999999999999
646,2,20,1.019525208789059,-120.59091045104599,12.54695238604974,0.8534399999999999
692,2,20,1.0106962973183642,-1.850009530616883,12.54695238604974,1.2192003047999997
675,2,20,1.0087673996518884,-1.9977612845531572,12.54695238604974,1.3716003047999998
611,2,20,1.0091791778320003,118.3893821940568,12.54695238604974,1.4020799999999998
652,2,20,1.0068057737124498,-1.810002678443718,12.54695238604974,1.5544799999999999
670,2,20,1.016686457544408,-1.1625173782592175,12.54695238604974,0.8129015999999999
632,2,20,1.0193921534483676,-0.8233857155522113,12.54695238604974,0.6095999999999999
680,2,20,1.010696312801717,-1.8500098324922334,12.54695238604974,1.5239999999999998
684,2,20,1.009664466144835,-1.8473970563024522,12.54695238604974,1.3106399999999998
sourcebus,3,20,1.0000667370142782,29.997962044196157,12.54695238604974,
650,3,20,1.000047251662162,-0.00349401028083252,12.54695238604974,
rg60,3,20,1.0312638654846804,-0.004185795281229841,12.54695238604974,0.0
633,3,20,1.0183951712645714,-0.8177801866658457,12.54695238604974,0.7619999999999999
634,3,20,1.0065760258628624,-1.151449896184784,12.54695238604974,
671,3,20,1.0106962998701505,-1.8500094864050876,12.54695238604974,1.2191999999999998
645,3,20,1.0203877181761765,-120.55260240286142,12.54695238604974,0.7619999999999999
646,3,20,1.019525208789059,-120.59091045104599,12.54695238604974,0.8534399999999999
692,3,20,1.0106962973183642,-1.850009530616883,12.54695238604974,1.2192003047999997
675,3,20,1.0087673996518884,-1.9977612845531572,12.54695238604974,1.3716003047999998
611,3,20,1.0091791778320003,118.3893821940568,12.54695238604974,1.4020799999999998
652,3,20,1.0068057737124498,-1.810002678443718,12.54695238604974,1.5544799999999999
670,3,20,1.016686457544408,-1.1625173782592175,12.54695238604974,0.8129015999999999
632,3,20,1.0193921534483676,-0.8233857155522113,12.54695238604974,0.6095999999999999
680,3,20,1.010696312801717,-1.8500098324922334,12.54695238604974,1.5239999999999998
684,3,20,1.009664466144835,-1.8473970563024522,12.54695238604974,1.3106399999999998
sourcebus,4,20,1.0000593717359696,29.99760931541037,16.355264332499253,
650,4,20,1.0000363482940522,-0.0040212095368936185,16.355264332499253,
rg60,4,20,1.0374961612175417,-0.004785115914115034,16.355264332499253,0.0
633,4,20,1.0221626320503994,-0.9412154982615806,16.355264332499253,0.7619999999999999
634,4,20,1.0091936736326272,-1.305947067557099,16.355264332499253,
671,4,20,1.0127575694790028,-2.101623340530227,16.355264332499253,1.2191999999999998
645,4,20,1.0255552010842321,-120.6407757242176,16.355264332499253,0.7619999999999999
646,4,20,1.0246022952010683,-120.68283289081197,16.355264332499253,0.8534399999999999
692,4,20,1.0127575664769533,-2.1016233697649644,16.355264332499253,1.2192003047999997
675,4,20,1.010457483746787,-2.2561073503728784,16.355264332499253,1.3716003047999998
611,4,20,1.0093394763751724,118.22438596498704,16.355264332499253,1.4020799999999998
652,4,20,1.0084747374148493,-2.060433293698027,16.355264332499253,1.5544799999999999
670,4,20,1.0199956825801206,-1.3257389022000403,16.355264332499253,0.8129015999999999
632,4,20,1.023306838840064,-0.9435756800470193,16.355264332499253,0.6095999999999999
680,4,20,1.0127575824314268,-2.101623687793968,16.355264332499253,1.5239999999999998
684,4,20,1.0116245882637298,-2.101563294636422,16.355264332499253,1.3106399999999998
sourcebus,5,20,1.000043827467239,29.996923444653305,26.055927527070732,
650,5,20,1.000013536339889,-0.005060646548930934,26.055927527070732,
rg60,5,20,1.0437090158554756,-0.005953934640324784,26.055927527070732,0.0
633,5,20,1.0233267222892297,-1.19029863385746,26.055927527070732,0.7619999999999999
634,5,20,1.007976129571382,-1.6213951396992752,26.055927527070732,
671,5,20,1.0104500396130631,-2.6175152067205785,26.055927527070732,1.2191999999999998
645,5,20,1.0230928686165934,-120.82025610218722,26.055927527070732,0.7619999999999999
646,5,20,1.0219690308661202,-120.87003009767301,26.055927527070732,0.8534399999999999
692,5,20,1.0104500356916455,-2.6175152042136856,26.055927527070732,1.2192003047999997
675,5,20,1.0073815203933383,-2.786467512285696,26.055927527070732,1.3716003047999998
611,5,20,1.0028822902924888,117.88005303073076,26.055927527070732,1.4020799999999998
652,5,20,1.005414239816397,-2.5740140042825144,26.055927527070732,1.5544799999999999
670,5,20,1.020224373249561,-1.6575182638247643,26.055927527070732,0.8129015999999999
632,5,20,1.0247712052063576,-1.1863724978130987,26.055927527070732,0.6095999999999999
680,5,20,1.0104500525420224,-2.6175155554251925,26.055927527070732,1.5239999999999998
684,5,20,1.009125645203416,-2.6226089089273206,26.055927527070732,1.3106399999999998
sourcebus,6,20,1.000020131435058,29.9959033802021,45.732114101548504,
650,6,20,0.9999783794703695,-0.0065944324501231435,45.732114101548504,
rg60,6,20,1.0499013980791103,-0.007659492025259046,45.732114101548504,0.0
633,6,20,1.021662616380641,-1.5695177682211778,45.732114101548504,0.7619999999999999
634,6,20,1.002662794285389,-2.1037275114689256,45.732114101548504,
671,6,20,1.003426682091738,-3.4083781292034026,45.732114101548504,1.2191999999999998
645,6,20,1.0258726643778464,-121.08625648120902,45.732114101548504,0.7619999999999999
646,6,20,1.0244887383976173,-121.14713927732565,45.732114101548504,0.8534399999999999
692,6,20,1.003426676763272,-3.4083780771851986,45.732114101548504,1.2192003047999997
675,6,20,0.9991627640480226,-3.5997435589824454,45.732114101548504,1.3716003047999998
611,6,20,0.9896476100669711,117.3713019923566,45.732114101548504,1.4020799999999998
652,6,20,0.9972955589612981,-3.361413425460891,45.732114101548504,1.5544799999999999
670,6,20,1.017105426408159,-2.163639446574221,45.732114101548504,0.8129015999999999
632,6,20,1.0235679115168035,-1.555928537227825,45.732114101548504,0.6095999999999999
680,6,20,1.0034266949142292,-3.408378481758107,45.732114101548504,1.5239999999999998
684,6,20,1.0018267795847142,-3.421189855957381,45.732114101548504,1.3106399999999998
sourcebus,7,20,1.000003714650408,29.99523430759173,62.240960958822164,
650,7,20,0.9999539700567855,-0.007622303816631357,62.240960958822164,
rg60,7,20,1.0561109294835784,-0.008795330549521013,62.240960958822164,0.0
633,7,20,1.0226263258150183,-1.8114634325136088,62.240960958822164,0.7619999999999999
634,7,20,1.001210951056981,-2.4128489843943757,62.240960958822164,
671,7,20,1.000847927502268,-3.921359714292954,62.240960958822164,1.2191999999999998
645,7,20,1.0233630245076097,-121.26705831346978,62.240960958822164,0.7619999999999999
646,7,20,1.0218095788722572,-121.3356439523743,62.240960958822164,0.8534399999999999
692,7,20,1.0008479212334498,-3.9213596295107638,62.240960958822164,1.2192003047999997
675,7,20,0.9957988935242306,-4.127901592140113,62.240960958822164,1.3716003047999998
611,7,20,0.9829132199199743,117.02916566262697,62.240960958822164,1.4020799999999998
652,7,20,0.9939823758366713,-3.8720560074125463,62.240960958822164,1.5544799999999999
670,7,20,1.017100591652584,-2.488527902988651,62.240960958822164,0.8129015999999999
632,7,20,1.0248361229696683,-1.7916552461734259,62.240960958822164,0.6095999999999999
680,7,20,1.0008479402973651,-3.921360068326261,62.240960958822164,1.5239999999999998
684,7,20,0.9990632051241175,-3.9392762558456753,62.240960958822164,1.3106399999999998
sourcebus,8,20,0.9999953692842295,29.994905676368504,71.83473993570894,
650,8,20,0.9999415333458707,-0.008120719803365619,71.83473993570894,
rg60,8,20,1.0560906900980556,-0.009338200810459434,71.83473993570894,0.0
633,8,20,1.019827103011056,-1.942621766612555,71.83473993570894,0.7619999999999999
634,8,20,0.9971257386742058,-2.5817659827845714,71.83473993570894,
671,8,20,0.9961861884656159,-4.200444711561837,71.83473993570894,1.2191999999999998
645,8,20,1.0221459281659777,-121.35805419916996,71.83473993570894,0.7619999999999999
646,8,20,1.020509384210377,-121.43029181300112,71.83473993570894,0.8534399999999999
692,8,20,0.9961861817035342,-4.200444608655663,71.83473993570894,1.2192003047999997
675,8,20,0.9907118486566937,-4.415350216950357,71.83473993570894,1.3716003047999998
611,8,20,0.9760511760183294,116.85158124735693,71.83473993570894,1.4020799999999998
652,8,20,0.9889826998251426,-4.150011982601827,71.83473993570894,1.5544799999999999
670,8,20,1.0137913436814454,-2.6648628527378055,71.83473993570894,0.8129015999999999
632,8,20,1.0221982576423785,-1.9194595565247863,71.83473993570894,0.6095999999999999
680,8,20,0.9961862011955158,-4.200445066993022,71.83473993570894,1.5239999999999998
684,8,20,0.9943188900706139,-4.2209509854757945,71.83473993570894,1.3106399999999998
sourcebus,9,20,0.9999869342989613,29.99457896421254,82.22225506177762,
650,9,20,0.9999289393125101,-0.008617168506226482,82.22225506177762,
rg60,9,20,1.0560702265067063,-0.009876515261356661,82.22225506177762,0.0
633,9,20,1.0169950376366181,-2.0744953002597866,82.22225506177762,0.7619999999999999
634,9,20,0.9929956573569014,-2.7519541609594373,82.22225506177762,
671,9,20,0.9914787731329278,-4.482289483670928,82.22225506177762,1.2191999999999998
645,9,20,1.020925306840931,-121.44927863644826,82.22225506177762,0.7619999999999999
646,9,20,1.0192060231843094,-121.52514925491882,82.22225506177762,0.8534399999999999
692,9,20,0.991478765872301,-4.482289362335159,82.22225506177762,1.2192003047999997
675,9,20,0.985574495814704,-4.705752747758717,82.22225506177762,1.3716003047999998
611,9,20,0.9691280887891761,116.67261651986695,82.22225506177762,1.4020799999999998
652,9,20,0.9839420021325904,-4.430728782209257,82.22225506177762,1.5544799999999999
670,9,20,1.0104445751022888,-2.8424008259525304,82.22225506177762,0.8129015999999999
632,9,20,1.019529061534044,-2.047931665401871,82.22225506177762,0.6095999999999999
680,9,20,0.9914787857970633,-4.482289840526573,82.22225506177762,1.5239999999999998
684,9,20,0.9895304842282496,-4.505384438839881,82.22225506177762,1.3106399999999998
sourcebus,10,20,0.9999869342989613,29.99457896421254,82.22225506177762,
650,10,20,0.9999289393125101,-0.008617168506226482,82.22225506177762,
rg60,10,20,1.0560702265067063,-0.009876515261356661,82.22225506177762,0.0
633,10,20,1.0169950376366181,-2.0744953002597866,82.22225506177762,0.7619999999999999
634,10,20,0.9929956573569014,-2.7519541609594373,82.22225506177762,
671,10,20,0.9914787731329278,-4.482289483670928,82.22225506177762,1.2191999999999998
645,10,20,1.020925306840931,-121.44927863644826,82.22225506177762,0.7619999999999999
646,10,20,1.0192060231843094,-121.52514925491882,82.22225506177762,0.8534399999999999
692,10,20,0.991478765872301,-4.482289362335159,82.22225506177762,1.2192003047999997
675,10,20,0.985574495814704,-4.705752747758717,82.22225506177762,1.3716003047999998
611,10,20,0.9691280887891761,116.67261651986695,82.22225506177762,1.4020799999999998
652,10,20,0.9839420021325904,-4.430728782209257,82.22225506177762,1.5544799999999999
670,10,20,1.0104445751022888,-2.8424008259525304,82.22225506177762,0.8129015999999999
632,10,20,1.019529061534044,-2.047931665401871,82.22225506177762,0.6095999999999999
680,10,20,0.9914787857970633,-4.482289840526573,82.22225506177762,1.5239999999999998
684,10,20,0.9895304842282496,-4.505384438839881,82.22225506177762,1.3106399999999998
sourcebus,11,20,0.9999953692842295,29.994905676368504,71.83473993570894,
650,11,20,0.9999415333458707,-0.008120719803365619,71.83473993570894,
rg60,11,20,1.0560906900980556,-0.009338200810459434,71.83473993570894,0.0
633,11,20,1.019827103011056,-1.942621766612555,71.83473993570894,0.7619999999999999
634,11,20,0.9971257386742058,-2.5817659827845714,71.83473993570894,
671,11,20,0.9961861884656159,-4.200444711561837,71.83473993570894,1.2191999999999998
645,11,20,1.0221459281659777,-121.35805419916996,71.83473993570894,0.7619999999999999
646,11,20,1.020509384210377,-121.43029181300112,71.83473993570894,0.8534399999999999
692,11,20,0.9961861817035342,-4.200444608655663,71.83473993570894,1.2192003047999997
675,11,20,0.9907118486566937,-4.415350216950357,71.83473993570894,1.3716003047999998
611,11,20,0.9760511760183294,116.85158124735693,71.83473993570894,1.4020799999999998
652,11,20,0.9889826998251426,-4.150011982601827,71.83473993570894,1.5544799999999999
670,11,20,1.0137913436814454,-2.6648628527378055,71.83473993570894,0.8129015999999999
632,11,20,1.0221982576423785,-1.9194595565247863,71.83473993570894,0.6095999999999999
680,11,20,0.9961862011955158,-4.200445066993022,71.83473993570894,1.5239999999999998
684,11,20,0.9943188900706139,-4.2209509854757945,71.83473993570894,1.3106399999999998
sourcebus,12,20,1.000003714650408,29.99523430759173,62.240960958822164,
650,12,20,0.9999539700567855,-0.007622303816631357,62.240960958822164,
rg60,12,20,1.0561109294835784,-0.008795330549521013,62.240960958822164,0.0
633,12,20,1.0226263258150183,-1.8114634325136088,62.240960958822164,0.7619999999999999
634,12,20,1.001210951056981,-2.4128489843943757,62.240960958822164,
671,12,20,1.000847927502268,-3.921359714292954,62.240960958822164,1.2191999999999998
645,12,20,1.0233630245076097,-121.26705831346978,62.240960958822164,0.7619999999999999
646,12,20,1.0218095788722572,-121.3356439523743,62.240960958822164,0.8534399999999999
692,12,20,1.0008479212334498,-3.9213596295107638,62.240960958822164,1.2192003047999997
675,12,20,0.9957988935242306,-4.127901592140113,62.240960958822164,1.3716003047999998
611,12,20,0.9829132199199743,117.02916566262697,62.240960958822164,1.4020799999999998
652,12,20,0.9939823758366713,-3.8720560074125463,62.240960958822164,1.5544799999999999
670,12,20,1.017100591652584,-2.488527902988651,62.240960958822164,0.8129015999999999
632,12,20,1.0248361229696683,-1.7916552461734259,62.240960958822164,0.6095999999999999
680,12,20,1.0008479402973651,-3.921360068326261,62.240960958822164,1.5239999999999998
684,12,20,0.9990632051241175,-3.9392762558456753,62.240960958822164,1.3106399999999998
sourcebus,13,20,1.000003714650408,29.99523430759173,62.240960958822164,
650,13,20,0.9999539700567855,-0.007622303816631357,62.240960958822164,
rg60,13,20,1.0561109294835784,-0.008795330549521013,62.240960958822164,0.0
633,13,20,1.0226263258150183,-1.8114634325136088,62.240960958822164,0.7619999999999999
634,13,20,1.001210951056981,-2.4128489843943757,62.240960958822164,
671,13,20,1.000847927502268,-3.921359714292954,62.240960958822164,1.2191999999999998
645,13,20,1.0233630245076097,-121.26705831346978,62.240960958822164,0.7619999999999999
646,13,20,1.0218095788722572,-121.3356439523743,62.240960958822164,0.8534399999999999
692,13,20,1.0008479212334498,-3.9213596295107638,62.240960958822164,1.2192003047999997
675,13,20,0.9957988935242306,-4.127901592140113,62.240960958822164,1.3716003047999998
611,13,20,0.9829132199199743,117.02916566262697,62.240960958822164,1.4020799999999998
652,13,20,0.9939823758366713,-3.8720560074125463,62.240960958822164,1.5544799999999999
670,13,20,1.017100591652584,-2.488527902988651,62.240960958822164,0.8129015999999999
632,13,20,1.0248361229696683,-1.7916552461734259,62.240960958822164,0.6095999999999999
680,13,20,1.0008479402973651,-3.921360068326261,62.240960958822164,1.5239999999999998
684,13,20,0.9990632051241175,-3.9392762558456753,62.240960958822164,1.3106399999999998
sourcebus,14,20,0.9999953692842295,29.994905676368504,71.83473993570894,
650,14,20,0.9999415333458707,-0.008120719803365619,71.83473993570894,
rg60,14,20,1.0560906900980556,-0.009338200810459434,71.83473993570894,0.0
633,14,20,1.019827103011056,-1.942621766612555,71.83473993570894,0.7619999999999999
634,14,20,0.9971257386742058,-2.5817659827845714,71.83473993570894,
671,14,20,0.9961861884656159,-4.200444711561837,71.83473993570894,1.2191999999999998
645,14,20,1.0221459281659777,-121.35805419916996,71.83473993570894,0.7619999999999999
646,14,20,1.020509384210377,-121.43029181300112,71.83473993570894,0.8534399999999999
692,14,20,0.9961861817035342,-4.200444608655663,71.83473993570894,1.2192003047999997
675,14,20,0.9907118486566937,-4.415350216950357,71.83473993570894,1.3716003047999998
611,14,20,0.9760511760183294,116.85158124735693,71.83473993570894,1.4020799999999998
652,14,20,0.9889826998251426,-4.150011982601827,71.83473993570894,1.5544799999999999
670,14,20,1.0137913436814454,-2.6648628527378055,71.83473993570894,0.8129015999999999
632,14,20,1.0221982576423785,-1.9194595565247863,71.83473993570894,0.6095999999999999
680,14,20,0.9961862011955158,-4.200445066993022,71.83473993570894,1.5239999999999998
684,14,20,0.9943188900706139,-4.2209509854757945,71.83473993570894,1.3106399999999998
sourcebus,15,20,0.9999869342989613,29.99457896421254,82.22225506177762,
650,15,20,0.9999289393125101,-0.008617168506226482,82.22225506177762,
rg60,15,20,1.0560702265067063,-0.009876515261356661,82.22225506177762,0.0
633,15,20,1.0169950376366181,-2.0744953002597866,82.22225506177762,0.7619999999999999
634,15,20,0.9929956573569014,-2.7519541609594373,82.22225506177762,
671,15,20,0.9914787731329278,-4.482289483670928,82.22225506177762,1.2191999999999998
645,15,20,1.020925306840931,-121.44927863644826,82.22225506177762,0.7619999999999999
646,15,20,1.0192060231843094,-121.52514925491882,82.22225506177762,0.8534399999999999
692,15,20,0.991478765872301,-4.482289362335159,82.22225506177762,1.2192003047999997
675,15,20,0.985574495814704,-4.705752747758717,82.22225506177762,1.3716003047999998
611,15,20,0.9691280887891761,116.67261651986695,82.22225506177762,1.4020799999999998
652,15,20,0.9839420021325904,-4.430728782209257,82.22225506177762,1.5544799999999999
670,15,20,1.0104445751022888,-2.8424008259525304,82.22225506177762,0.8129015999999999
632,15,20,1.019529061534044,-2.047931665401871,82.22225506177762,0.6095999999999999
680,15,20,0.9914787857970633,-4.482289840526573,82.22225506177762,1.5239999999999998
684,15,20,0.9895304842282496,-4.505384438839881,82.22225506177762,1.3106399999999998
sourcebus,16,20,0.999978397500841,29.99425415105364,93.43343760704269,
650,16,20,0.9999161662930044,-0.009112092511334114,93.43343760704269,
rg60,16,20,1.056049503833613,-0.010410666319476321,93.43343760704269,0.0
633,16,20,1.0141238065331115,-2.2073833821519298,93.43343760704269,0.7619999999999999
634,16,20,0.9888114814208208,-2.923806023498079,93.43343760704269,
671,16,20,0.9867154716224444,-4.767491153205435,93.43343760704269,1.2191999999999998
645,16,20,1.0197044409677662,-121.54075625542472,93.43343760704269,0.7619999999999999
646,16,20,1.017902778659473,-121.62023999499922,93.43343760704269,0.8534399999999999
692,16,20,0.9867154638568362,-4.767491013086452,93.43343760704269,1.2192003047999997
675,16,20,0.980375397931698,-4.999727357392559,93.43343760704269,1.3716003047999998
611,16,20,0.9621345450691721,116.49223483115516,93.43343760704269,1.4020799999999998
652,16,20,0.9788502525762315,-4.714803841605128,93.43343760704269,1.5544799999999999
670,16,20,1.0070528853869525,-3.021525771209153,93.43343760704269,0.8129015999999999
632,16,20,1.0168226023910756,-2.177360211580008,93.43343760704269,0.6095999999999999
680,16,20,0.986715484220088,-4.767491511516519,93.43343760704269,1.5239999999999998
684,16,20,0.9846878625725647,-4.793174053056459,93.43343760704269,1.3106399999999998
sourcebus,17,20,0.9999700783497272,29.993918031293212,105.2742360713972,
650,17,20,0.9999035873789196,-0.009600936687458279,105.2742360713972,
rg60,17,20,1.0560290413890567,-0.010934737706137777,105.2742360713972,0.0
633,17,20,1.0112041023440401,-2.34542390617335,105.2742360713972,0.7619999999999999
634,17,20,0.9845706616688699,-3.1012890475479966,105.2742360713972,
671,17,20,0.9818793308072028,-5.05938645852831,105.2742360713972,1.2191999999999998
645,17,20,1.0250202280276965,-121.621250113651,105.2742360713972,0.7619999999999999
646,17,20,1.0231276410729317,-121.70386549847534,105.2742360713972,0.8534399999999999
692,17,20,0.9818793225323857,-5.059386299349569,105.2742360713972,1.2192003047999997
675,17,20,0.9750931048721381,-5.300392172977503,105.2742360713972,1.3716003047999998
611,17,20,0.9551062774316992,116.32127560969829,105.2742360713972,1.4020799999999998
652,17,20,0.9736905997885318,-5.005557864487433,105.2742360713972,1.5544799999999999
670,17,20,1.0036056589992388,-3.206098873253916,105.2742360713972,0.8129015999999999
632,17,20,1.0140701006466355,-2.311585228723147,105.2742360713972,0.6095999999999999
680,17,20,0.9818793433212669,-5.0593868194619205,105.2742360713972,1.5239999999999998
684,17,20,0.9797740248793099,-5.087640533569849,105.2742360713972,1.3106399999999998
sourcebus,18,20,0.999978397500841,29.99425415105364,93.43343760704269,
650,18,20,0.9999161662930044,-0.009112092511334114,93.43343760704269,
rg60,18,20,1.056049503833613,-0.010410666319476321,93.43343760704269,0.0
633,18,20,1.0141238065331115,-2.2073833821519298,93.43343760704269,0.7619999999999999
634,18,20,0.9888114814208208,-2.923806023498079,93.43343760704269,
671,18,20,0.9867154716224444,-4.767491153205435,93.43343760704269,1.2191999999999998
645,18,20,1.0197044409677662,-121.54075625542472,93.43343760704269,0.7619999999999999
646,18,20,1.017902778659473,-121.62023999499922,93.43343760704269,0.8534399999999999
692,18,20,0.9867154638568362,-4.767491013086452,93.43343760704269,1.2192003047999997
675,18,20,0.980375397931698,-4.999727357392559,93.43343760704269,1.3716003047999998
611,18,20,0.9621345450691721,116.49223483115516,93.43343760704269,1.4020799999999998
652,18,20,0.9788502525762315,-4.714803841605128,93.43343760704269,1.5544799999999999
670,18,20,1.0070528853869525,-3.021525771209153,93.43343760704269,0.8129015999999999
632,18,20,1.0168226023910756,-2.177360211580008,93.43343760704269,0.6095999999999999
680,18,20,0.986715484220088,-4.767491511516519,93.43343760704269,1.5239999999999998
684,18,20,0.9846878625725647,-4.793174053056459,93.43343760704269,1.3106399999999998
sourcebus,19,20,0.9999953692842295,29.994905676368504,71.83473993570894,
650,19,20,0.9999415333458707,-0.008120719803365619,71.83473993570894,
rg60,19,20,1.0560906900980556,-0.009338200810459434,71.83473993570894,0.0
633,19,20,1.019827103011056,-1.942621766612555,71.83473993570894,0.7619999999999999
634,19,20,0.9971257386742058,-2.5817659827845714,71.83473993570894,
671,19,20,0.9961861884656159,-4.200444711561837,71.83473993570894,1.2191999999999998
645,19,20,1.0221459281659777,-121.35805419916996,71.83473993570894,0.7619999999999999
646,19,20,1.020509384210377,-121.43029181300112,71.83473993570894,0.8534399999999999
692,19,20,0.9961861817035342,-4.200444608655663,71.83473993570894,1.2192003047999997
675,19,20,0.9907118486566937,-4.415350216950357,71.83473993570894,1.3716003047999998
611,19,20,0.9760511760183294,116.85158124735693,71.83473993570894,1.4020799999999998
652,19,20,0.9889826998251426,-4.150011982601827,71.83473993570894,1.5544799999999999
670,19,20,1.0137913436814454,-2.6648628527378055,71.83473993570894,0.8129015999999999
632,19,20,1.0221982576423785,-1.9194595565247863,71.83473993570894,0.6095999999999999
680,19,20,0.9961862011955158,-4.200445066993022,71.83473993570894,1.5239999999999998
684,19,20,0.9943188900706139,-4.2209509854757945,71.83473993570894,1.3106399999999998
sourcebus,20,20,1.0000118371991005,29.99556160956078,53.66134205551294,
650,20,20,0.9999662922800591,-0.007122127420094941,53.66134205551294,
rg60,20,20,1.056130905882489,-0.00824924763914496,53.66134205551294,0.0
633,20,20,1.0254268387539385,-1.6888930275104257,53.66134205551294,0.7619999999999999
634,20,20,1.005286993145367,-2.253005001304078,53.66134205551294,
671,20,20,1.0055081494561071,-3.6595684945018934,53.66134205551294,1.2191999999999998
645,20,20,1.0246243530580752,-121.17043213511676,53.66134205551294,0.7619999999999999
646,20,20,1.0231566232807399,-121.23497837127518,53.66134205551294,0.8534399999999999
692,20,20,1.0055081436722806,-3.6595684276447686,53.66134205551294,1.2192003047999997
675,20,20,1.000872176282358,-3.858561465757712,53.66134205551294,1.3716003047999998
611,20,20,0.9828668453987496,117.1886204407378,53.66134205551294,1.4020799999999998
652,20,20,0.998985115154954,-3.6115873989534406,53.66134205551294,1.5544799999999999
670,20,20,1.0204109735715559,-2.3234323969102983,53.66134205551294,0.8129015999999999
632,20,20,1.0274732885413544,-1.6721901552066842,53.66134205551294,0.6095999999999999
680,20,20,1.0055081623184725,-3.6595688480424804,53.66134205551294,1.5239999999999998
684,20,20,1.0038077622221568,-3.6750867905114206,53.66134205551294,1.3106399999999998
sourcebus,21,20,1.0000282131572695,29.996237567511777,38.36010375134693,
650,21,20,0.9999903456053146,-0.006091104182277701,38.36010375134693,
rg60,21,20,1.0499208466284584,-0.007104581922582311,38.36010375134693,0.0
633,21,20,1.0243797336440832,-1.4387733628839037,38.36010375134693,0.7619999999999999
634,21,20,1.0066403888412392,-1.9362983629217851,38.36010375134693,
671,21,20,1.0079748508023678,-3.133827006058073,38.36010375134693,1.2191999999999998
645,21,20,1.0270749735097158,-120.99601430197299,38.36010375134693,0.7619999999999999
646,21,20,1.025775069897319,-121.05321371073042,38.36010375134693,0.8534399999999999
692,21,20,1.0079748459552331,-3.133826971505886,38.36010375134693,1.2192003047999997
675,21,20,1.0041260049967713,-3.3172524912259425,38.36010375134693,1.3716003047999998
611,21,20,0.9963676257718023,117.54652706125748,38.36010375134693,1.4020799999999998
652,21,20,1.0021924051487137,-3.0879907435679597,38.36010375134693,1.5544799999999999
670,21,20,1.020320280102245,-1.9886167887758792,38.36010375134693,0.8129015999999999
632,21,20,1.0261268691770202,-1.4284646743899005,38.36010375134693,0.6095999999999999
680,21,20,1.0079748636885635,-3.1338273572609703,38.36010375134693,1.5239999999999998
684,21,20,1.0064612179622048,-3.144042107062648,38.36010375134693,1.3106399999999998
sourcebus,22,20,1.0000361753764782,29.996579756153732,31.985536190930006,
650,22,20,1.0000020957872116,-0.005562599724534253,31.985536190930006,
rg60,22,20,1.0436903968118862,-0.006511130250757331,31.985536190930006,0.0
633,22,20,1.0206134248635088,-1.3244398262803867,31.985536190930006,0.7619999999999999
634,22,20,1.0040142178895781,-1.7917676640200089,31.985536190930006,
671,22,20,1.0058861994344273,-2.8938068394442458,31.985536190930006,1.2191999999999998
645,22,20,1.0283574822350932,-120.90675012944921,31.985536190930006,0.7619999999999999
646,22,20,1.027143942353556,-120.95995020688062,31.985536190930006,0.8534399999999999
692,22,20,1.0058861950375493,-2.893806819782378,31.985536190930006,1.2192003047999997
675,22,20,1.0024001493905264,-3.070271274868175,31.985536190930006,1.3716003047999998
611,22,20,0.9962618179148758,117.7143595302412,31.985536190930006,1.4020799999999998
652,22,20,1.000496154280305,-2.849171342118163,31.985536190930006,1.5544799999999999
670,22,20,1.0170098408191093,-1.835675143717451,31.985536190930006,0.8129015999999999
632,22,20,1.022216026942022,-1.3171153238156756,31.985536190930006,0.6095999999999999
680,22,20,1.0058862122824808,-2.8938071905273923,31.985536190930006,1.5239999999999998
684,22,20,1.0044735713279527,-2.9014955309148847,31.985536190930006,1.3106399999999998
sourcebus,23,20,1.000043827467239,29.996923444653305,26.055927527070732,
650,23,20,1.000013536339889,-0.005060646548930934,26.055927527070732,
rg60,23,20,1.0437090158554756,-0.005953934640324784,26.055927527070732,0.0
633,23,20,1.0233267222892297,-1.19029863385746,26.055927527070732,0.7619999999999999
634,23,20,1.007976129571382,-1.6213951396992752,26.055927527070732,
671,23,20,1.0104500396130631,-2.6175152067205785,26.055927527070732,1.2191999999999998
645,23,20,1.0230928686165934,-120.82025610218722,26.055927527070732,0.7619999999999999
646,23,20,1.0219690308661202,-120.87003009767301,26.055927527070732,0.8534399999999999
692,23,20,1.0104500356916455,-2.6175152042136856,26.055927527070732,1.2192003047999997
675,23,20,1.0073815203933383,-2.786467512285696,26.055927527070732,1.3716003047999998
611,23,20,1.0028822902924888,117.88005303073076,26.055927527070732,1.4020799999999998
652,23,20,1.005414239816397,-2.5740140042825144,26.055927527070732,1.5544799999999999
670,23,20,1.020224373249561,-1.6575182638247643,26.055927527070732,0.8129015999999999
632,23,20,1.0247712052063576,-1.1863724978130987,26.055927527070732,0.6095999999999999
680,23,20,1.0104500525420224,-2.6175155554251925,26.055927527070732,1.5239999999999998
684,23,20,1.009125645203416,-2.6226089089273206,26.055927527070732,1.3106399999999998
sourcebus,0,40,1.000061308891619,29.999150137650375,11.710996822377659,
650,0,40,1.0000376902786816,-0.002006554590224235,11.710996822377659,
rg60,0,40,1.0375064168574566,-0.0020856952092313374,11.710996822377659,0.0
633,0,40,1.0245237989296752,-0.5719973663499359,11.710996822377659,0.7619999999999999
634,0,40,1.0103901589003568,-0.9685133257391617,11.710996822377659,
671,0,40,1.016055675130082,-1.5484263731938248,11.710996822377659,1.2191999999999998
645,0,40,1.019074593963616,-120.2233282365875,11.710996822377659,0.7619999999999999
646,0,40,1.018041608913856,-120.26921737023837,11.710996822377659,0.8534399999999999
692,0,40,1.016055673654335,-1.5484263883459257,11.710996822377659,1.2192003047999997
675,0,40,1.0139030064268666,-1.6889841900190397,11.710996822377659,1.3716003047999998
611,0,40,1.0027473493414174,118.950379897255,11.710996822377659,1.4020799999999998
652,0,40,1.0113728047996418,-1.506213521280322,11.710996822377659,1.5544799999999999
670,0,40,1.0224819684466342,-0.9183159741292939,11.710996822377659,0.8129015999999999
632,0,40,1.0253252492745621,-0.6082652569918247,11.710996822377659,0.6095999999999999
680,0,40,1.0160556881523126,-1.548426720864981,11.710996822377659,1.5239999999999998
684,0,40,1.0148189544290989,-1.5510770305595594,11.710996822377659,1.3106399999999998
sourcebus,1,40,1.0000688531381194,29.999503378662766,8.745221855081388,
650,1,40,1.0000485160198263,-0.0014770531721450381,8.745221855081388,
rg60,1,40,1.0312739845551677,-0.0014792499445180894,8.745221855081388,0.0
633,1,40,1.020690916570475,-0.43949297057422293,8.745221855081388,0.7619999999999999
634,1,40,1.007702700894985,-0.8052913860541987,8.745221855081388,
671,1,40,1.013892362460788,-1.2808052043382876,8.745221855081388,1.2191999999999998
645,1,40,1.0202429321404431,-120.13750627375565,8.745221855081388,0.7619999999999999
646,1,40,1.0192943287396519,-120.17965928316217,8.745221855081388,0.8534399999999999
692,1,40,1.0138923614399076,-1.280805234257764,8.745221855081388,1.2192003047999997
675,1,40,1.0121107612652211,-1.4139871056043825,8.745221855081388,1.3716003047999998
611,1,40,1.0092770052403013,119.12012631352455,8.745221855081388,1.4020799999999998
652,1,40,1.0096038340923639,-1.2396061774110776,8.745221855081388,1.5544799999999999
670,1,40,1.0190908673049541,-0.7439103336408959,8.745221855081388,0.8129015999999999
632,1,40,1.0213450321130748,-0.4794102329014726,8.745221855081388,0.6095999999999999
680,1,40,1.0138923754427804,-1.2808055509909833,8.745221855081388,1.5239999999999998
684,1,40,1.0127572115403713,-1.2807361783494682,8.745221855081388,1.3106399999999998
sourcebus,2,40,1.000076258646962,29.99984916132749,6.4326777427135005,
650,2,40,1.000059312820884,-0.0009659648012178674,6.4326777427135005,
rg60,2,40,1.031291437392983,-0.0009004720990292832,6.4326777427135005,0.0
633,2,40,1.023229766278855,-0.3103571574845082,6.4326777427135005,0.7619999999999999
634,2,40,1.0114679463207648,-0.6408442701357068,6.4326777427135005,
671,2,40,1.018198162129932,-1.016563866877713,6.4326777427135005,1.2191999999999998
645,2,40,1.0214360921226353,-120.0463516941678,6.4326777427135005,0.7619999999999999
646,2,40,1.020572121414764,-120.08474796413824,6.4326777427135005,0.8534399999999999
692,2,40,1.0181981615639275,-1.0165639132717068,6.4326777427135005,1.2192003047999997
675,2,40,1.0168128017076135,-1.1426653096732675,6.4326777427135005,1.3716003047999998
611,2,40,1.0156800172432876,119.28866465851186,6.4326777427135005,1.4020799999999998
652,2,40,1.0142751542123423,-0.9764954171390482,6.4326777427135005,1.5544799999999999
670,2,40,1.0220996917857228,-0.5723143100187376,6.4326777427135005,0.8129015999999999
632,2,40,1.0237307240851827,-0.3532493152944937,6.4326777427135005,0.6095999999999999
680,2,40,1.0181981751725762,-1.016564212291578,6.4326777427135005,1.5239999999999998
684,2,40,1.0171550549671937,-1.0138897949977852,6.4326777427135005,1.3106399999999998
sourcebus,3,40,1.000076258646962,29.99984916132749,6.4326777427135005,
650,3,40,1.000059312820884,-0.0009659648012178674,6.4326777427135005,
rg60,3,40,1.031291437392983,-0.0009004720990292832,6.4326777427135005,0.0
633,3,40,1.023229766278855,-0.3103571574845082,6.4326777427135005,0.7619999999999999
634,3,40,1.0114679463207648,-0.6408442701357068,6.4326777427135005,
671,3,40,1.018198162129932,-1.016563866877713,6.4326777427135005,1.2191999999999998
645,3,40,1.0214360921226353,-120.0463516941678,6.4326777427135005,0.7619999999999999
646,3,40,1.020572121414764,-120.08474796413824,6.4326777427135005,0.8534399999999999
692,3,40,1.0181981615639275,-1.0165639132717068,6.4326777427135005,1.2192003047999997
675,3,40,1.0168128017076135,-1.1426653096732675,6.4326777427135005,1.3716003047999998
611,3,40,1.0156800172432876,119.28866465851186,6.4326777427135005,1.4020799999999998
652,3,40,1.0142751542123423,-0.9764954171390482,6.4326777427135005,1.5544799999999999
670,3,40,1.0220996917857228,-0.5723143100187376,6.4326777427135005,0.8129015999999999
632,3,40,1.0237307240851827,-0.3532493152944937,6.4326777427135005,0.6095999999999999
680,3,40,1.0181981751725762,-1.016564212291578,6.4326777427135005,1.5239999999999998
684,3,40,1.0171550549671937,-1.0138897949977852,6.4326777427135005,1.3106399999999998
sourcebus,4,40,1.0000688531381194,29.999503378662766,8.745221855081388,
650,4,40,1.0000485160198263,-0.0014770531721450381,8.745221855081388,
rg60,4,40,1.0312739845551677,-0.0014792499445180894,8.745221855081388,0.0
633,4,40,1.020690916570475,-0.43949297057422293,8.745221855081388,0.7619999999999999
634,4,40,1.007702700894985,-0.8052913860541987,8.745221855081388,
671,4,40,1.013892362460788,-1.2808052043382876,8.745221855081388,1.2191999999999998
645,4,40,1.0202429321404431,-120.13750627375565,8.745221855081388,0.7619999999999999
646,4,40,1.0192943287396519,-120.17965928316217,8.745221855081388,0.8534399999999999
692,4,40,1.0138923614399076,-1.280805234257764,8.745221855081388,1.2192003047999997
675,4,40,1.0121107612652211,-1.4139871056043825,8.745221855081388,1.3716003047999998
611,4,40,1.0092770052403013,119.12012631352455,8.745221855081388,1.4020799999999998
652,4,40,1.0096038340923639,-1.2396061774110776,8.745221855081388,1.5544799999999999
670,4,40,1.0190908673049541,-0.7439103336408959,8.745221855081388,0.8129015999999999
632,4,40,1.0213450321130748,-0.4794102329014726,8.745221855081388,0.6095999999999999
680,4,40,1.0138923754427804,-1.2808055509909833,8.745221855081388,1.5239999999999998
684,4,40,1.0127572115403713,-1.2807361783494682,8.745221855081388,1.3106399999999998
sourcebus,5,40,1.000054092673022,29.998804779226514,15.263730151474599,
650,5,40,1.0000267989446712,-0.0025126237743984653,15.263730151474599,
rg60,5,40,1.037488761990253,-0.0026531124479760465,15.263730151474599,0.0
633,5,40,1.021893604284263,-0.6943831574116106,15.263730151474599,0.7619999999999999
634,5,40,1.0065217482563256,-1.126679881179835,15.263730151474599,
671,5,40,1.0116107351530115,-1.8004300184503321,15.263730151474599,1.2191999999999998
645,5,40,1.0242175490098202,-120.32240936734908,15.263730151474599,0.7619999999999999
646,5,40,1.0230936967877302,-120.37203304852657,15.263730151474599,0.8534399999999999
692,5,40,1.0116107332193274,-1.8004300167553413,15.263730151474599,1.2192003047999997
675,5,40,1.0090587786485892,-1.947590884445455,15.263730151474599,1.3716003047999998
611,5,40,1.0030374445770394,118.78192169760452,15.263730151474599,1.4020799999999998
652,5,40,1.006568102059318,-1.7569002708936639,15.263730151474599,1.5544799999999999
670,5,40,1.0193635016862634,-1.0812606847443111,15.263730151474599,0.8129015999999999
632,5,40,1.0228513486303905,-0.7278236291088706,15.263730151474599,0.6095999999999999
680,5,40,1.0116107480945735,-1.8004303675099855,15.263730151474599,1.5239999999999998
684,5,40,1.010283766835527,-1.8054951755384658,15.263730151474599,1.3106399999999998
sourcebus,6,40,1.000031199079474,29.997771386201826,30.065482680516006,
650,6,40,0.999993001956306,-0.00404855633082628,30.065482680516006,
rg60,6,40,1.0436836192940926,-0.004375944107389919,30.065482680516006,0.0
633,6,40,1.0203743502618379,-1.0756384022862848,30.065482680516006,0.7619999999999999
634,6,40,1.001349194859474,-1.6112329160737142,30.065482680516006,
671,6,40,1.0047810601520915,-2.5875157384415,30.065482680516006,1.2191999999999998
645,6,40,1.0270083465010749,-120.59541581096931,30.065482680516006,0.7619999999999999
646,6,40,1.02562438871323,-120.65612527815358,30.065482680516006,0.8534399999999999
692,6,40,1.0047810568282682,-2.587515687469667,30.065482680516006,1.2192003047999997
675,6,40,1.0010431916981557,-2.756522630599091,30.065482680516006,1.3716003047999998
611,6,40,0.9901040022302696,118.27654865787798,30.065482680516006,1.4020799999999998
652,6,40,0.998640461628302,-2.540504057226777,30.065482680516006,1.5544799999999999
670,6,40,1.0164175703281229,-1.588338148161615,30.065482680516006,0.8129015999999999
632,6,40,1.0217942567144056,-1.0995188137978542,30.065482680516006,0.6095999999999999
680,6,40,1.0047810729895303,-2.5875160912604973,30.065482680516006,1.5239999999999998
684,6,40,1.0031777928281127,-2.6002804877232633,30.065482680516006,1.3106399999999998
sourcebus,7,40,1.0000153353183279,29.99709344544852,43.26833898387515,
650,7,40,0.9999695475689712,-0.005077712079016383,43.26833898387515,
rg60,7,40,1.0498949616510156,-0.0055234704216045455,43.26833898387515,0.0
633,7,40,1.021468865799823,-1.3221982212413137,43.26833898387515,0.7619999999999999
634,7,40,1.000032063622945,-1.924864135878768,43.26833898387515,
671,7,40,1.0023945143350015,-3.103323717165372,43.26833898387515,1.2191999999999998
645,7,40,1.0245259808569693,-120.77466100369988,43.26833898387515,0.7619999999999999
646,7,40,1.0229723227787333,-120.84305315924193,43.26833898387515,0.8534399999999999
692,7,40,1.0023945100801246,-3.103323633702038,43.26833898387515,1.2192003047999997
675,7,40,0.9978787592949384,-3.2872720279087657,43.26833898387515,1.3716003047999998
611,7,40,0.9835286558853561,117.93282855484726,43.26833898387515,1.4020799999999998
652,7,40,0.9955167693474348,-3.053957190956806,43.26833898387515,1.5544799999999999
670,7,40,1.016570601670359,-1.9176610870668902,43.26833898387515,0.8129015999999999
632,7,40,1.0231928943890212,-1.3396999206085145,43.26833898387515,0.6095999999999999
680,7,40,1.0023945271482662,-3.1033240714526533,43.26833898387515,1.5239999999999998
684,7,40,1.0006054418237318,-3.1211774393899314,43.26833898387515,1.3106399999999998
sourcebus,8,40,1.000007249343127,29.99675458071495,50.70699999578534,
650,8,40,0.9999575108863725,-0.005604240636724306,50.70699999578534,
rg60,8,40,1.0561246034160292,-0.00611171462811967,50.70699999578534,0.0
633,8,40,1.0252275360483345,-1.4367865216235376,50.70699999578534,0.7619999999999999
634,8,40,1.0026514663013861,-2.069073967010418,50.70699999578534,
671,8,40,1.004479808711118,-3.344115372452595,50.70699999578534,1.2191999999999998
645,8,40,1.0232397771224622,-120.86376966434804,50.70699999578534,0.7619999999999999
646,8,40,1.021600192441392,-120.93621327198608,50.70699999578534,0.8534399999999999
692,8,40,1.0044798040007539,-3.3441152741475992,50.70699999578534,1.2192003047999997
675,8,40,0.999600084952847,-3.535167939165841,50.70699999578534,1.3716003047999998
611,8,40,0.9835937635849001,117.76245000025048,50.70699999578534,1.4020799999999998
652,8,40,0.9972092413024761,-3.293523887043785,50.70699999578534,1.5544799999999999
670,8,40,1.0198734090695039,-2.0706825211729085,50.70699999578534,0.8129015999999999
632,8,40,1.0270966953871843,-1.4511001464168842,50.70699999578534,0.6095999999999999
680,8,40,1.004479821562692,-3.3441157268564807,50.70699999578534,1.5239999999999998
684,8,40,1.002589818967862,-3.3644628899177493,50.70699999578534,1.3106399999999998
sourcebus,9,40,0.9999991022832851,29.996422785406864,59.2249670113257,
650,9,40,0.9999454059918698,-0.006102619265774677,59.2249670113257,
rg60,9,40,1.0561048472620393,-0.006658041430581631,59.2249670113257,0.0
633,9,40,1.022474750409589,-1.5653757245904691,59.2249670113257,0.7619999999999999
634,9,40,0.998610500069682,-2.23543145357115,59.2249670113257,
671,9,40,0.9998831049506536,-3.617080031517174,59.2249670113257,1.2191999999999998
645,9,40,1.0220182697424023,-120.95546688304027,59.2249670113257,0.7619999999999999
646,9,40,1.0202957892376314,-121.03156253109195,59.2249670113257,0.8534399999999999
692,9,40,0.9998830997564118,-3.617079915142568,59.2249670113257,1.2192003047999997
675,9,40,0.99458212744304,-3.816225780659316,59.2249670113257,1.3716003047999998
611,9,40,0.976840209573334,117.5906105055012,59.2249670113257,1.4020799999999998
652,9,40,0.9922748657851767,-3.5653479644554413,59.2249670113257,1.5544799999999999
670,9,40,1.0166193348221442,-2.243601289457978,59.2249670113257,0.8129015999999999
632,9,40,1.0245048089028672,-1.5765593840051175,59.2249670113257,0.6095999999999999
680,9,40,0.9998831177377723,-3.6170803872765727,59.2249670113257,1.5239999999999998
684,9,40,0.9979106759339398,-3.640003621086064,59.2249670113257,1.3106399999999998
sourcebus,10,40,0.9999991022832851,29.996422785406864,59.2249670113257,
650,10,40,0.9999454059918698,-0.006102619265774677,59.2249670113257,
rg60,10,40,1.0561048472620393,-0.006658041430581631,59.2249670113257,0.0
633,10,40,1.022474750409589,-1.5653757245904691,59.2249670113257,0.7619999999999999
634,10,40,0.998610500069682,-2.23543145357115,59.2249670113257,
671,10,40,0.9998831049506536,-3.617080031517174,59.2249670113257,1.2191999999999998
645,10,40,1.0220182697424023,-120.95546688304027,59.2249670113257,0.7619999999999999
646,10,40,1.0202957892376314,-121.03156253109195,59.2249670113257,0.8534399999999999
692,10,40,0.9998830997564118,-3.617079915142568,59.2249670113257,1.2192003047999997
675,10,40,0.99458212744304,-3.816225780659316,59.2249670113257,1.3716003047999998
611,10,40,0.976840209573334,117.5906105055012,59.2249670113257,1.4020799999999998
652,10,40,0.9922748657851767,-3.5653479644554413,59.2249670113257,1.5544799999999999
670,10,40,1.0166193348221442,-2.243601289457978,59.2249670113257,0.8129015999999999
632,10,40,1.0245048089028672,-1.5765593840051175,59.2249670113257,0.6095999999999999
680,10,40,0.9998831177377723,-3.6170803872765727,59.2249670113257,1.5239999999999998
684,10,40,0.9979106759339398,-3.640003621086064,59.2249670113257,1.3106399999999998
sourcebus,11,40,1.000007249343127,29.99675458071495,50.70699999578534,
650,11,40,0.9999575108863725,-0.005604240636724306,50.70699999578534,
rg60,11,40,1.0561246034160292,-0.00611171462811967,50.70699999578534,0.0
633,11,40,1.0252275360483345,-1.4367865216235376,50.70699999578534,0.7619999999999999
634,11,40,1.0026514663013861,-2.069073967010418,50.70699999578534,
671,11,40,1.004479808711118,-3.344115372452595,50.70699999578534,1.2191999999999998
645,11,40,1.0232397771224622,-120.86376966434804,50.70699999578534,0.7619999999999999
646,11,40,1.021600192441392,-120.93621327198608,50.70699999578534,0.8534399999999999
692,11,40,1.0044798040007539,-3.3441152741475992,50.70699999578534,1.2192003047999997
675,11,40,0.999600084952847,-3.535167939165841,50.70699999578534,1.3716003047999998
611,11,40,0.9835937635849001,117.76245000025048,50.70699999578534,1.4020799999999998
652,11,40,0.9972092413024761,-3.293523887043785,50.70699999578534,1.5544799999999999
670,11,40,1.0198734090695039,-2.0706825211729085,50.70699999578534,0.8129015999999999
632,11,40,1.0270966953871843,-1.4511001464168842,50.70699999578534,0.6095999999999999
680,11,40,1.004479821562692,-3.3441157268564807,50.70699999578534,1.5239999999999998
684,11,40,1.002589818967862,-3.3644628899177493,50.70699999578534,1.3106399999999998
sourcebus,12,40,1.0000153353183279,29.99709344544852,43.26833898387515,
650,12,40,0.9999695475689712,-0.005077712079016383,43.26833898387515,
rg60,12,40,1.0498949616510156,-0.0055234704216045455,43.26833898387515,0.0
633,12,40,1.021468865799823,-1.3221982212413137,43.26833898387515,0.7619999999999999
634,12,40,1.000032063622945,-1.924864135878768,43.26833898387515,
671,12,40,1.0023945143350015,-3.103323717165372,43.26833898387515,1.2191999999999998
645,12,40,1.0245259808569693,-120.77466100369988,43.26833898387515,0.7619999999999999
646,12,40,1.0229723227787333,-120.84305315924193,43.26833898387515,0.8534399999999999
692,12,40,1.0023945100801246,-3.103323633702038,43.26833898387515,1.2192003047999997
675,12,40,0.9978787592949384,-3.2872720279087657,43.26833898387515,1.3716003047999998
611,12,40,0.9835286558853561,117.93282855484726,43.26833898387515,1.4020799999999998
652,12,40,0.9955167693474348,-3.053957190956806,43.26833898387515,1.5544799999999999
670,12,40,1.016570601670359,-1.9176610870668902,43.26833898387515,0.8129015999999999
632,12,40,1.0231928943890212,-1.3396999206085145,43.26833898387515,0.6095999999999999
680,12,40,1.0023945271482662,-3.1033240714526533,43.26833898387515,1.5239999999999998
684,12,40,1.0006054418237318,-3.1211774393899314,43.26833898387515,1.3106399999999998
sourcebus,13,40,1.0000153353183279,29.99709344544852,43.26833898387515,
650,13,40,0.9999695475689712,-0.005077712079016383,43.26833898387515,
rg60,13,40,1.0498949616510156,-0.0055234704216045455,43.26833898387515,0.0
633,13,40,1.021468865799823,-1.3221982212413137,43.26833898387515,0.7619999999999999
634,13,40,1.000032063622945,-1.924864135878768,43.26833898387515,
671,13,40,1.0023945143350015,-3.103323717165372,43.26833898387515,1.2191999999999998
645,13,40,1.0245259808569693,-120.77466100369988,43.26833898387515,0.7619999999999999
646,13,40,1.0229723227787333,-120.84305315924193,43.26833898387515,0.8534399999999999
692,13,40,1.0023945100801246,-3.103323633702038,43.26833898387515,1.2192003047999997
675,13,40,0.9978787592949384,-3.2872720279087657,43.26833898387515,1.3716003047999998
611,13,40,0.9835286558853561,117.93282855484726,43.26833898387515,1.4020799999999998
652,13,40,0.9955167693474348,-3.053957190956806,43.26833898387515,1.5544799999999999
670,13,40,1.016570601670359,-1.9176610870668902,43.26833898387515,0.8129015999999999
632,13,40,1.0231928943890212,-1.3396999206085145,43.26833898387515,0.6095999999999999
680,13,40,1.0023945271482662,-3.1033240714526533,43.26833898387515,1.5239999999999998
684,13,40,1.0006054418237318,-3.1211774393899314,43.26833898387515,1.3106399999999998
sourcebus,14,40,1.000007249343127,29.99675458071495,50.70699999578534,
650,14,40,0.9999575108863725,-0.005604240636724306,50.70699999578534,
rg60,14,40,1.0561246034160292,-0.00611171462811967,50.70699999578534,0.0
633,14,40,1.0252275360483345,-1.4367865216235376,50.70699999578534,0.7619999999999999
634,14,40,1.0026514663013861,-2.069073967010418,50.70699999578534,
671,14,40,1.004479808711118,-3.344115372452595,50.70699999578534,1.2191999999999998
645,14,40,1.0232397771224622,-120.86376966434804,50.70699999578534,0.7619999999999999
646,14,40,1.021600192441392,-120.93621327198608,50.70699999578534,0.8534399999999999
692,14,40,1.0044798040007539,-3.3441152741475992,50.70699999578534,1.2192003047999997
675,14,40,0.999600084952847,-3.535167939165841,50.70699999578534,1.3716003047999998
611,14,40,0.9835937635849001,117.76245000025048,50.70699999578534,1.4020799999999998
652,14,40,0.9972092413024761,-3.293523887043785,50.70699999578534,1.5544799999999999
670,14,40,1.0198734090695039,-2.0706825211729085,50.70699999578534,0.8129015999999999
632,14,40,1.0270966953871843,-1.4511001464168842,50.70699999578534,0.6095999999999999
680,14,40,1.004479821562692,-3.3441157268564807,50.70699999578534,1.5239999999999998
684,14,40,1.002589818967862,-3.3644628899177493,50.70699999578534,1.3106399999999998
sourcebus,15,40,0.9999991022832851,29.996422785406864,59.2249670113257,
650,15,40,0.9999454059918698,-0.006102619265774677,59.2249670113257,
rg60,15,40,1.0561048472620393,-0.006658041430581631,59.2249670113257,0.0
633,15,40,1.022474750409589,-1.5653757245904691,59.2249670113257,0.7619999999999999
634,15,40,0.998610500069682,-2.23543145357115,59.2249670113257,
671,15,40,0.9998831049506536,-3.617080031517174,59.2249670113257,1.2191999999999998
645,15,40,1.0220182697424023,-120.95546688304027,59.2249670113257,0.7619999999999999
646,15,40,1.0202957892376314,-121.03156253109195,59.2249670113257,0.8534399999999999
692,15,40,0.9998830997564118,-3.617079915142568,59.2249670113257,1.2192003047999997
675,15,40,0.99458212744304,-3.816225780659316,59.2249670113257,1.3716003047999998
611,15,40,0.976840209573334,117.5906105055012,59.2249670113257,1.4020799999999998
652,15,40,0.9922748657851767,-3.5653479644554413,59.2249670113257,1.5544799999999999
670,15,40,1.0166193348221442,-2.243601289457978,59.2249670113257,0.8129015999999999
632,15,40,1.0245048089028672,-1.5765593840051175,59.2249670113257,0.6095999999999999
680,15,40,0.9998831177377723,-3.6170803872765727,59.2249670113257,1.5239999999999998
684,15,40,0.9979106759339398,-3.640003621086064,59.2249670113257,1.3106399999999998
sourcebus,16,40,0.9999908685971003,29.99609279255877,68.51239207754378,
650,16,40,0.9999331505369645,-0.006599129316137282,68.51239207754378,
rg60,16,40,1.0560848765122994,-0.007200021546669852,68.51239207754378,0.0
633,16,40,1.019690506216187,-1.694626473553541,68.51239207754378,0.7619999999999999
634,16,40,0.9945261633231589,-2.4029982735723423,68.51239207754378,
671,16,40,0.9952426398021634,-3.8926383066815915,68.51239207754378,1.2191999999999998
645,16,40,1.0207928666633483,-121.04739529532463,68.51239207754378,0.7619999999999999
646,16,40,1.0189878525965346,-121.12712464384227,68.51239207754378,0.8534399999999999
692,16,40,0.9952426341190257,-3.8926381719385668,68.51239207754378,1.2192003047999997
675,16,40,0.9895159311091618,-4.100061183259824,68.51239207754378,1.3716003047999998
611,16,40,0.9700283878858512,117.41754949355159,68.51239207754378,1.4020799999999998
652,16,40,0.9873013292345206,-3.8397664357146484,68.51239207754378,1.5544799999999999
670,16,40,1.0133293762289108,-2.417644169005998,68.51239207754378,0.8129015999999999
632,16,40,1.0218829457391267,-1.7026379526164306,68.51239207754378,0.6095999999999999
680,16,40,0.9952426525242799,-3.8926386638215784,68.51239207754378,1.5239999999999998
684,16,40,0.9931893392685002,-3.918136647165988,68.51239207754378,1.3106399999999998
sourcebus,17,40,0.9999825465130844,29.99576464896752,78.58550051501349,
650,17,40,0.9999207410197268,-0.007093719422948359,78.58550051501349,
rg60,17,40,1.056064686184478,-0.0077375443941095825,78.58550051501349,0.0
633,17,40,1.016873967830857,-1.8245588442126917,78.58550051501349,0.7619999999999999
634,17,40,0.9903972925311225,-2.5718120657148207,78.58550051501349,
671,17,40,0.9905572009861433,-4.170874990409503,78.58550051501349,1.2191999999999998
645,17,40,1.0195636017836363,-121.13956063773637,78.58550051501349,0.7619999999999999
646,17,40,1.0176764201273432,-121.22290494779173,78.58550051501349,0.8534399999999999
692,17,40,0.990557194808951,-4.170874836988751,78.58550051501349,1.2192003047999997
675,17,40,0.9844001598407613,-4.386766210475765,78.58550051501349,1.3716003047999998
611,17,40,0.9631566566305353,117.2432305321562,78.58550051501349,1.4020799999999998
652,17,40,0.9822874796689992,-4.116863967381847,78.58550051501349,1.5544799999999999
670,17,40,1.0100025618031214,-2.59284561229639,78.58550051501349,0.8129015999999999
632,17,40,1.0192303111609664,-1.8293545885975935,78.58550051501349,0.6095999999999999
680,17,40,0.9905572136426953,-4.170875348956039,78.58550051501349,1.5239999999999998
684,17,40,0.9884246163543827,-4.198946636464265,78.58550051501349,1.3106399999999998
sourcebus,18,40,0.9999908685971003,29.99609279255877,68.51239207754378,
650,18,40,0.9999331505369645,-0.006599129316137282,68.51239207754378,
rg60,18,40,1.0560848765122994,-0.007200021546669852,68.51239207754378,0.0
633,18,40,1.019690506216187,-1.694626473553541,68.51239207754378,0.7619999999999999
634,18,40,0.9945261633231589,-2.4029982735723423,68.51239207754378,
671,18,40,0.9952426398021634,-3.8926383066815915,68.51239207754378,1.2191999999999998
645,18,40,1.0207928666633483,-121.04739529532463,68.51239207754378,0.7619999999999999
646,18,40,1.0189878525965346,-121.12712464384227,68.51239207754378,0.8534399999999999
692,18,40,0.9952426341190257,-3.8926381719385668,68.51239207754378,1.2192003047999997
675,18,40,0.9895159311091618,-4.100061183259824,68.51239207754378,1.3716003047999998
611,18,40,0.9700283878858512,117.41754949355159,68.51239207754378,1.4020799999999998
652,18,40,0.9873013292345206,-3.8397664357146484,68.51239207754378,1.5544799999999999
670,18,40,1.0133293762289108,-2.417644169005998,68.51239207754378,0.8129015999999999
632,18,40,1.0218829457391267,-1.7026379526164306,68.51239207754378,0.6095999999999999
680,18,40,0.9952426525242799,-3.8926386638215784,68.51239207754378,1.5239999999999998
684,18,40,0.9931893392685002,-3.918136647165988,68.51239207754378,1.3106399999999998
sourcebus,19,40,1.000007249343127,29.99675458071495,50.70699999578534,
650,19,40,0.9999575108863725,-0.005604240636724306,50.70699999578534,
rg60,19,40,1.0561246034160292,-0.00611171462811967,50.70699999578534,0.0
633,19,40,1.0252275360483345,-1.4367865216235376,50.70699999578534,0.7619999999999999
634,19,40,1.0026514663013861,-2.069073967010418,50.70699999578534,
671,19,40,1.004479808711118,-3.344115372452595,50.70699999578534,1.2191999999999998
645,19,40,1.0232397771224622,-120.86376966434804,50.70699999578534,0.7619999999999999
646,19,40,1.021600192441392,-120.93621327198608,50.70699999578534,0.8534399999999999
692,19,40,1.0044798040007539,-3.3441152741475992,50.70699999578534,1.2192003047999997
675,19,40,0.999600084952847,-3.535167939165841,50.70699999578534,1.3716003047999998
611,19,40,0.9835937635849001,117.76245000025048,50.70699999578534,1.4020799999999998
652,19,40,0.9972092413024761,-3.293523887043785,50.70699999578534,1.5544799999999999
670,19,40,1.0198734090695039,-2.0706825211729085,50.70699999578534,0.8129015999999999
632,19,40,1.0270966953871843,-1.4511001464168842,50.70699999578534,0.6095999999999999
680,19,40,1.004479821562692,-3.3441157268564807,50.70699999578534,1.5239999999999998
684,19,40,1.002589818967862,-3.3644628899177493,50.70699999578534,1.3106399999999998
sourcebus,20,40,1.0000233079280378,29.997428846887072,36.18612867436174,
650,20,40,0.9999813394086753,-0.004576384692222595,36.18612867436174,
rg60,20,40,1.0499141528035323,-0.004969643462318632,36.18612867436174,0.0
633,20,40,1.0241716364467837,-1.193301790198323,36.18612867436174,0.7619999999999999
634,20,40,1.004008939154476,-1.7587425454109793,36.18612867436174,
671,20,40,1.0069220810568482,-2.8321453044239893,36.18612867436174,1.2191999999999998
645,20,40,1.0257360764173569,-120.68352341630165,36.18612867436174,0.7619999999999999
646,20,40,1.0242658918742849,-120.74825102733722,36.18612867436174,0.8534399999999999
692,20,40,1.0069220772791931,-2.8321452386645594,36.18612867436174,1.2192003047999997
675,20,40,1.0028218735137362,-3.008233496616843,36.18612867436174,1.3716003047999998
611,20,40,0.9902013132505278,118.10380397303805,36.18612867436174,1.4020799999999998
652,20,40,1.0003881531980232,-2.783917070297483,36.18612867436174,1.5544799999999999
670,20,40,1.019766945168171,-1.744849298916242,36.18612867436174,0.8129015999999999
632,20,40,1.0257365196819779,-1.2139091659340124,36.18612867436174,0.6095999999999999
680,20,40,1.006922093933619,-2.8321456573756154,36.18612867436174,1.5239999999999998
684,20,40,1.0052175734965791,-2.8474164618554636,36.18612867436174,1.3106399999999998
sourcebus,21,40,1.000038730141754,29.998117527869354,24.42998778398796,
650,21,40,1.0000042469213222,-0.003548981628674298,24.42998778398796,
rg60,21,40,1.0437019499892193,-0.0038205063586091606,24.42998778398796,0.0
633,21,40,1.0231029028654095,-0.9449105311443654,24.42998778398796,0.7619999999999999
634,21,40,1.005339056447583,-1.4437423267836156,24.42998778398796,
671,21,40,1.009375950837225,-2.317537000134241,24.42998778398796,1.2191999999999998
645,21,40,1.021757495021083,-120.50167862497474,24.42998778398796,0.7619999999999999
646,21,40,1.0204633790111033,-120.55901835789518,24.42998778398796,0.8534399999999999
692,21,40,1.0093759479846387,-2.3175369665658656,24.42998778398796,1.2192003047999997
675,21,40,1.0060555712018342,-2.4792090903474864,24.42998778398796,1.3716003047999998
611,21,40,0.9966183710947664,118.4367634444608,24.42998778398796,1.4020799999999998
652,21,40,1.0035843159533866,-2.2716711871485105,24.42998778398796,1.5544799999999999
670,21,40,1.019649349104199,-1.4143574489221769,24.42998778398796,0.8129015999999999
632,21,40,1.024362273655873,-0.9719463778878854,24.42998778398796,0.6095999999999999
680,21,40,1.0093759637567126,-2.3175373506312376,24.42998778398796,1.5239999999999998
684,21,40,1.0078590575752058,-2.3277225506431947,24.42998778398796,1.3106399999999998
sourcebus,22,40,1.0000463543154263,29.998454157168503,19.5389496443886,
650,22,40,1.0000156519535819,-0.0030420893165625253,19.5389496443886,
rg60,22,40,1.043720395951808,-0.003255689562218608,19.5389496443886,0.0
633,22,40,1.0257067194921725,-0.824034892841956,19.5389496443886,0.7619999999999999
634,22,40,1.009193118611548,-1.2866532882445163,19.5389496443886,
671,22,40,1.0137501387263779,-2.06449593167333,19.5389496443886,1.2191999999999998
645,22,40,1.0230390224772004,-120.407495777821,19.5389496443886,0.7619999999999999
646,22,40,1.0218308986221056,-120.46082358518366,19.5389496443886,0.8534399999999999
692,22,40,1.0137501363371029,-2.064495915245965,19.5389496443886,1.2192003047999997
675,22,40,1.0108272000482215,-2.219107851634384,19.5389496443886,1.3716003047999998
611,22,40,0.9964498309512385,118.61106846880959,19.5389496443886,1.4020799999999998
652,22,40,1.0083132250710913,-2.0199415837661956,19.5389496443886,1.5544799999999999
670,22,40,1.0227305619964464,-1.252412169453178,19.5389496443886,0.8129015999999999
632,22,40,1.0268105992961916,-0.8538876379839281,19.5389496443886,0.6095999999999999
680,22,40,1.0137501517080123,-2.064496281745844,19.5389496443886,1.5239999999999998
684,22,40,1.0123217184507094,-2.0722657725629174,19.5389496443886,1.3106399999999998
sourcebus,23,40,1.000054092673022,29.998804779226514,15.263730151474599,
650,23,40,1.0000267989446712,-0.0025126237743984653,15.263730151474599,
rg60,23,40,1.037488761990253,-0.0026531124479760465,15.263730151474599,0.0
633,23,40,1.021893604284263,-0.6943831574116106,15.263730151474599,0.7619999999999999
634,23,40,1.0065217482563256,-1.126679881179835,15.263730151474599,
671,23,40,1.0116107351530115,-1.8004300184503321,15.263730151474599,1.2191999999999998
645,23,40,1.0242175490098202,-120.32240936734908,15.263730151474599,0.7619999999999999
646,23,40,1.0230936967877302,-120.37203304852657,15.263730151474599,0.8534399999999999
692,23,40,1.0116107332193274,-1.8004300167553413,15.263730151474599,1.2192003047999997
675,23,40,1.0090587786485892,-1.947590884445455,15.263730151474599,1.3716003047999998
611,23,40,1.0030374445770394,118.78192169760452,15.263730151474599,1.4020799999999998
652,23,40,1.006568102059318,-1.7569002708936639,15.263730151474599,1.5544799999999999
670,23,40,1.0193635016862634,-1.0812606847443111,15.263730151474599,0.8129015999999999
632,23,40,1.0228513486303905,-0.7278236291088706,15.263730151474599,0.6095999999999999
680,23,40,1.0116107480945735,-1.8004303675099855,15.263730151474599,1.5239999999999998
684,23,40,1.010283766835527,-1.8054951755384658,15.263730151474599,1.3106399999999998
sourcebus,0,60,1.00007030507029,30.001037097428316,8.75021710479477,
650,0,60,1.0000490613742847,0.0005285201845441728,8.75021710479477,
rg60,0,60,1.031283063780034,0.001219749937358811,8.75021710479477,0.0
633,0,60,1.0229269057202006,-0.06482257952975826,8.75021710479477,0.7619999999999999
634,0,60,1.008770997234726,-0.46258141819855547,8.75021710479477,
671,0,60,1.0170283403340812,-0.7189517548935599,8.75021710479477,1.2191999999999998
645,0,60,1.0199671374141042,-119.7205477219187,8.75021710479477,0.7619999999999999
646,0,60,1.0189325839335255,-119.76654640099555,8.75021710479477,0.8534399999999999
692,0,60,1.0170283408334007,-0.7189517706425919,8.75021710479477,1.2192003047999997
675,0,60,1.0153924234201324,-0.8378621679810709,8.75021710479477,1.3716003047999998
611,0,60,1.009142028815166,119.85026321011935,8.75021710479477,1.4020799999999998
652,0,60,1.0123398162564676,-0.6765454663500821,8.75021710479477,1.5544799999999999
670,0,60,1.0214328339612786,-0.32978518362088244,8.75021710479477,0.8129015999999999
632,0,60,1.0232396239293011,-0.13869069123015856,8.75021710479477,0.6095999999999999
680,0,60,1.0170283533663276,-0.7189521021395456,8.75021710479477,1.5239999999999998
684,0,60,1.0157892608787875,-0.7214089756293157,8.75021710479477,1.3106399999999998
sourcebus,1,60,1.0000774661486094,30.001382199261162,7.381942120443034,
650,1,60,1.0000596150502512,0.0010423386462151795,7.381942120443034,
rg60,1,60,1.0313001065560508,0.0018027635696759923,7.381942120443034,0.0
633,1,60,1.0253467327878583,0.054721564911173075,7.381942120443034,0.7619999999999999
634,1,60,1.0124190328608296,-0.3077248147811862,7.381942120443034,
671,1,60,1.0211363466117003,-0.47331097767209823,7.381942120443034,1.2191999999999998
645,1,60,1.0212689280632874,-119.62879503703152,7.381942120443034,0.7619999999999999
646,1,60,1.020320530394007,-119.67081153757842,7.381942120443034,0.8534399999999999
692,1,60,1.021136347555827,-0.4733110098910025,7.381942120443034,1.2192003047999997
675,1,60,1.0198840664011422,-0.5855493743878132,7.381942120443034,1.3716003047999998
611,1,60,1.0088612504466055,120.04038703387187,7.381942120443034,1.4020799999999998
652,1,60,1.0168134959902049,-0.4322087394595279,7.381942120443034,1.5544799999999999
670,1,60,1.0243001678464898,-0.17041569231158385,7.381942120443034,0.8129015999999999
632,1,60,1.0255112728585667,-0.02171120649427814,7.381942120443034,0.6095999999999999
680,1,60,1.0211363597011955,-0.47331132455196256,7.381942120443034,1.5239999999999998
684,1,60,1.019989391959308,-0.47333874039791995,7.381942120443034,1.3106399999999998
sourcebus,2,60,1.000084383367905,30.001744424374195,6.6583403868468904,
650,2,60,1.0000696526076713,0.0015663523170304319,6.6583403868468904,
rg60,2,60,1.0250662168025837,0.0024093482983986586,6.6583403868468904,0.0
633,2,60,1.0216057102177925,0.19357377842840248,6.6583403868468904,0.7619999999999999
634,2,60,1.0098245462508675,-0.13798145817949214,6.6583403868468904,
671,2,60,1.0191575611652386,-0.1994635627770798,6.6583403868468904,1.2191999999999998
645,2,60,1.0160001355030137,-119.52615614982675,6.6583403868468904,0.7619999999999999
646,2,60,1.0151401361894106,-119.56463194558724,6.6583403868468904,0.8534399999999999
692,2,60,1.019157562565846,-0.19946360971399413,6.6583403868468904,1.2192003047999997
675,2,60,1.0182823163249743,-0.3048416896373489,6.6583403868468904,1.3716003047999998
611,2,60,1.0151300615185825,120.19115237173783,6.6583403868468904,1.4020799999999998
652,2,60,1.015230001643238,-0.15939636173089383,6.6583403868468904,1.5544799999999999
670,2,60,1.0210210180922918,0.010515192008600387,6.6583403868468904,0.8129015999999999
632,2,60,1.021614154070967,0.11319018897935484,6.6583403868468904,0.6095999999999999
680,2,60,1.0191575742362753,-0.199463907716219,6.6583403868468904,1.5239999999999998
684,2,60,1.0181126135616485,-0.19679073958963447,6.6583403868468904,1.3106399999999998
sourcebus,3,60,1.000084383367905,30.001744424374195,6.6583403868468904,
650,3,60,1.0000696526076713,0.0015663523170304319,6.6583403868468904,
rg60,3,60,1.0250662168025837,0.0024093482983986586,6.6583403868468904,0.0
633,3,60,1.0216057102177925,0.19357377842840248,6.6583403868468904,0.7619999999999999
634,3,60,1.0098245462508675,-0.13798145817949214,6.6583403868468904,
671,3,60,1.0191575611652386,-0.1994635627770798,6.6583403868468904,1.2191999999999998
645,3,60,1.0160001355030137,-119.52615614982675,6.6583403868468904,0.7619999999999999
646,3,60,1.0151401361894106,-119.56463194558724,6.6583403868468904,0.8534399999999999
692,3,60,1.019157562565846,-0.19946360971399413,6.6583403868468904,1.2192003047999997
675,3,60,1.0182823163249743,-0.3048416896373489,6.6583403868468904,1.3716003047999998
611,3,60,1.0151300615185825,120.19115237173783,6.6583403868468904,1.4020799999999998
652,3,60,1.015230001643238,-0.15939636173089383,6.6583403868468904,1.5544799999999999
670,3,60,1.0210210180922918,0.010515192008600387,6.6583403868468904,0.8129015999999999
632,3,60,1.021614154070967,0.11319018897935484,6.6583403868468904,0.6095999999999999
680,3,60,1.0191575742362753,-0.199463907716219,6.6583403868468904,1.5239999999999998
684,3,60,1.0181126135616485,-0.19679073958963447,6.6583403868468904,1.3106399999999998
sourcebus,4,60,1.0000774661486094,30.001382199261162,7.381942120443034,
650,4,60,1.0000596150502512,0.0010423386462151795,7.381942120443034,
rg60,4,60,1.0313001065560508,0.0018027635696759923,7.381942120443034,0.0
633,4,60,1.0253467327878583,0.054721564911173075,7.381942120443034,0.7619999999999999
634,4,60,1.0124190328608296,-0.3077248147811862,7.381942120443034,
671,4,60,1.0211363466117003,-0.47331097767209823,7.381942120443034,1.2191999999999998
645,4,60,1.0212689280632874,-119.62879503703152,7.381942120443034,0.7619999999999999
646,4,60,1.020320530394007,-119.67081153757842,7.381942120443034,0.8534399999999999
692,4,60,1.021136347555827,-0.4733110098910025,7.381942120443034,1.2192003047999997
675,4,60,1.0198840664011422,-0.5855493743878132,7.381942120443034,1.3716003047999998
611,4,60,1.0088612504466055,120.04038703387187,7.381942120443034,1.4020799999999998
652,4,60,1.0168134959902049,-0.4322087394595279,7.381942120443034,1.5544799999999999
670,4,60,1.0243001678464898,-0.17041569231158385,7.381942120443034,0.8129015999999999
632,4,60,1.0255112728585667,-0.02171120649427814,7.381942120443034,0.6095999999999999
680,4,60,1.0211363597011955,-0.47331132455196256,7.381942120443034,1.5239999999999998
684,4,60,1.019989391959308,-0.47333874039791995,7.381942120443034,1.3106399999999998
sourcebus,5,60,1.0000629233312779,30.000681056956545,10.804739625935216,
650,5,60,1.0000385091795656,-1.6831170829783433e-06,10.804739625935216,
rg60,5,60,1.0375159317059535,0.0006093600899100598,10.804739625935216,0.0
633,5,60,1.026773295506885,-0.2024154379125207,10.804739625935216,0.7619999999999999
634,5,60,1.011476911252216,-0.6305533856340937,10.804739625935216,
671,5,60,1.0192061700986736,-0.9933198665431269,10.804739625935216,1.2191999999999998
645,5,60,1.0188399864610518,-119.80640130229887,10.804739625935216,0.7619999999999999
646,5,60,1.0177212339729977,-119.85612989592082,10.804739625935216,0.8534399999999999
692,5,60,1.019206170140612,-0.9933198676797244,10.804739625935216,1.2192003047999997
675,5,60,1.01719977530834,-1.1196185661523796,10.804739625935216,1.3716003047999998
611,5,60,1.002658023487834,119.68882944078612,10.804739625935216,1.4020799999999998
652,5,60,1.014121318418572,-0.9498763565044438,10.804739625935216,1.5544799999999999
670,5,60,1.0248416558468312,-0.5097040542376889,10.804739625935216,0.8129015999999999
632,5,60,1.0272358724839477,-0.27227263974272065,10.804739625935216,0.6095999999999999
680,5,60,1.0192061831710777,-0.9933202148249507,10.804739625935216,1.5239999999999998
684,5,60,1.0178648652823574,-0.9984712611492481,10.804739625935216,1.3106399999999998
sourcebus,6,60,1.000040878975175,29.999641721714568,20.690932205315217,
650,6,60,1.0000058905436897,-0.001542050788198447,20.690932205315217,
rg60,6,60,1.0437127182734,-0.0011315793809670094,20.690932205315217,0.0
633,6,60,1.0254868314765015,-0.5725890776838327,20.690932205315217,0.7619999999999999
634,6,60,1.0065591242870735,-1.102796138253972,20.690932205315217,
671,6,60,1.0127230806126744,-1.7530080104748458,20.690932205315217,1.2191999999999998
645,6,60,1.0214991073929096,-120.09054188407652,20.690932205315217,0.7619999999999999
646,6,60,1.020119043630775,-120.15173106070084,20.690932205315217,0.8534399999999999
692,6,60,1.012723079292271,-1.7530079630972957,20.690932205315217,1.2192003047999997
675,6,60,1.0095585912194696,-1.9000133657760028,20.690932205315217,1.3716003047999998
611,6,60,0.9967535503160975,119.16705454926876,20.690932205315217,1.4020799999999998
652,6,60,1.0065282076809592,-1.7058868887262788,20.690932205315217,1.5544799999999999
670,6,60,1.022169669873137,-1.0013507250338434,20.690932205315217,0.8129015999999999
632,6,60,1.0264060384546867,-0.6334422350460238,20.690932205315217,0.6095999999999999
680,6,60,1.0127230935853957,-1.7530083614778402,20.690932205315217,1.5239999999999998
684,6,60,1.0111013769202206,-1.7656633192227678,20.690932205315217,1.3106399999999998
sourcebus,7,60,1.0000258096246673,29.998947327936616,30.526315075625526,
650,7,60,0.9999835462547849,-0.0025692274962135996,30.526315075625526,
rg60,7,60,1.0499257984974484,-0.0022863375780857037,30.526315075625526,0.0
633,7,60,1.0266125569487907,-0.8210734548774304,30.526315075625526,0.7619999999999999
634,7,60,1.0052883370549068,-1.4175861751045953,30.526315075625526,
671,7,60,1.0103443544016213,-2.2642222535168046,30.526315075625526,1.2191999999999998
645,7,60,1.0254744716676072,-120.27914595523151,30.526315075625526,0.7619999999999999
646,7,60,1.0239182258852284,-120.34771946445558,30.526315075625526,0.8534399999999999
692,7,60,1.0103443521626327,-2.264222174134313,30.526315075625526,1.2192003047999997
675,7,60,1.0064060262809431,-2.4253622811956377,30.526315075625526,1.3716003047999998
611,7,60,0.9905091247749532,118.83493713502044,30.526315075625526,1.4020799999999998
652,7,60,1.0034056275515326,-2.2147141090281077,30.526315075625526,1.5544799999999999
670,7,60,1.0223557401352594,-1.331050493295778,30.526315075625526,0.8129015999999999
632,7,60,1.027838635359966,-0.8754831567632881,30.526315075625526,0.6095999999999999
680,7,60,1.0103443673322994,-2.264222606899225,30.526315075625526,1.5239999999999998
684,7,60,1.0085346246279252,-2.2819343574612363,30.526315075625526,1.3106399999999998
sourcebus,8,60,1.0000180290951357,29.998609446326192,36.60811260279603,
650,8,60,0.9999720642781443,-0.0030700094972183995,36.60811260279603,
rg60,8,60,1.0499070563996133,-0.0028428068875682657,36.60811260279603,0.0
633,8,60,1.0239523418507492,-0.9477549449535344,36.60811260279603,0.7619999999999999
634,8,60,1.001351633461756,-1.5815164174064804,36.60811260279603,
671,8,60,1.0058764723850169,-2.53012218798262,36.60811260279603,1.2191999999999998
645,8,60,1.0242665734573566,-120.37081572133454,36.60811260279603,0.7619999999999999
646,8,60,1.0226270608694,-120.4430525547201,36.60811260279603,0.8534399999999999
692,8,60,1.0058764696774556,-2.5301220909393836,36.60811260279603,1.2192003047999997
675,8,60,1.0015259392372826,-2.698887235484505,36.60811260279603,1.3716003047999998
611,8,60,0.983930921320269,118.66949379709976,36.60811260279603,1.4020799999999998
652,8,60,0.9985942988123501,-2.4794640670556576,36.60811260279603,1.5544799999999999
670,8,60,1.0192099834011774,-1.500929919569903,36.60811260279603,0.8129015999999999
632,8,60,1.0253371782580885,-0.9992663420490088,36.60811260279603,0.6095999999999999
680,8,60,1.0058764852528568,-2.5301225426662866,36.60811260279603,1.5239999999999998
684,8,60,1.0039823497433198,-2.550403069929623,36.60811260279603,1.3106399999999998
sourcebus,9,60,1.0000101063258215,29.99826857612634,43.10824351734501,
650,9,60,0.999960284188549,-0.0035966182848379716,43.10824351734501,
rg60,9,60,1.0561371421238477,-0.003434042034593133,43.10824351734501,0.0
633,9,60,1.0277611349722475,-1.0663964334353584,43.10824351734501,0.7619999999999999
634,9,60,1.0040259643915668,-1.7294202948290003,43.10824351734501,
671,9,60,1.0080401948816207,-2.775891767619276,43.10824351734501,1.2191999999999998
645,9,60,1.0229970537913091,-120.45850877981938,43.10824351734501,0.7619999999999999
646,9,60,1.0212715219055728,-120.53481038977806,43.10824351734501,0.8534399999999999
692,9,60,1.0080401917171102,-2.7758916559132985,43.10824351734501,1.2192003047999997
675,9,60,1.0033274520904831,-2.9518196958300367,43.10824351734501,1.3716003047999998
611,9,60,0.9840155428051073,118.49396749907217,43.10824351734501,1.4020799999999998
652,9,60,1.0003625555618243,-2.7239957168077678,43.10824351734501,1.5544799999999999
670,9,60,1.0225741535912634,-1.6582431726705888,43.10824351734501,0.8129015999999999
632,9,60,1.0292911905830826,-1.1144270436359236,43.10824351734501,0.6095999999999999
680,9,60,1.0080402077893573,-2.7758921224344486,43.10824351734501,1.5239999999999998
684,9,60,1.0060443012529405,-2.798651373438394,43.10824351734501,1.3106399999999998
sourcebus,10,60,1.0000101063258215,29.99826857612634,43.10824351734501,
650,10,60,0.999960284188549,-0.0035966182848379716,43.10824351734501,
rg60,10,60,1.0561371421238477,-0.003434042034593133,43.10824351734501,0.0
633,10,60,1.0277611349722475,-1.0663964334353584,43.10824351734501,0.7619999999999999
634,10,60,1.0040259643915668,-1.7294202948290003,43.10824351734501,
671,10,60,1.0080401948816207,-2.775891767619276,43.10824351734501,1.2191999999999998
645,10,60,1.0229970537913091,-120.45850877981938,43.10824351734501,0.7619999999999999
646,10,60,1.0212715219055728,-120.53481038977806,43.10824351734501,0.8534399999999999
692,10,60,1.0080401917171102,-2.7758916559132985,43.10824351734501,1.2192003047999997
675,10,60,1.0033274520904831,-2.9518196958300367,43.10824351734501,1.3716003047999998
611,10,60,0.9840155428051073,118.49396749907217,43.10824351734501,1.4020799999999998
652,10,60,1.0003625555618243,-2.7239957168077678,43.10824351734501,1.5544799999999999
670,10,60,1.0225741535912634,-1.6582431726705888,43.10824351734501,0.8129015999999999
632,10,60,1.0292911905830826,-1.1144270436359236,43.10824351734501,0.6095999999999999
680,10,60,1.0080402077893573,-2.7758921224344486,43.10824351734501,1.5239999999999998
684,10,60,1.0060443012529405,-2.798651373438394,43.10824351734501,1.3106399999999998
sourcebus,11,60,1.0000180290951357,29.998609446326192,36.60811260279603,
650,11,60,0.9999720642781443,-0.0030700094972183995,36.60811260279603,
rg60,11,60,1.0499070563996133,-0.0028428068875682657,36.60811260279603,0.0
633,11,60,1.0239523418507492,-0.9477549449535344,36.60811260279603,0.7619999999999999
634,11,60,1.001351633461756,-1.5815164174064804,36.60811260279603,
671,11,60,1.0058764723850169,-2.53012218798262,36.60811260279603,1.2191999999999998
645,11,60,1.0242665734573566,-120.37081572133454,36.60811260279603,0.7619999999999999
646,11,60,1.0226270608694,-120.4430525547201,36.60811260279603,0.8534399999999999
692,11,60,1.0058764696774556,-2.5301220909393836,36.60811260279603,1.2192003047999997
675,11,60,1.0015259392372826,-2.698887235484505,36.60811260279603,1.3716003047999998
611,11,60,0.983930921320269,118.66949379709976,36.60811260279603,1.4020799999999998
652,11,60,0.9985942988123501,-2.4794640670556576,36.60811260279603,1.5544799999999999
670,11,60,1.0192099834011774,-1.500929919569903,36.60811260279603,0.8129015999999999
632,11,60,1.0253371782580885,-0.9992663420490088,36.60811260279603,0.6095999999999999
680,11,60,1.0058764852528568,-2.5301225426662866,36.60811260279603,1.5239999999999998
684,11,60,1.0039823497433198,-2.550403069929623,36.60811260279603,1.3106399999999998
sourcebus,12,60,1.0000258096246673,29.998947327936616,30.526315075625526,
650,12,60,0.9999835462547849,-0.0025692274962135996,30.526315075625526,
rg60,12,60,1.0499257984974484,-0.0022863375780857037,30.526315075625526,0.0
633,12,60,1.0266125569487907,-0.8210734548774304,30.526315075625526,0.7619999999999999
634,12,60,1.0052883370549068,-1.4175861751045953,30.526315075625526,
671,12,60,1.0103443544016213,-2.2642222535168046,30.526315075625526,1.2191999999999998
645,12,60,1.0254744716676072,-120.27914595523151,30.526315075625526,0.7619999999999999
646,12,60,1.0239182258852284,-120.34771946445558,30.526315075625526,0.8534399999999999
692,12,60,1.0103443521626327,-2.264222174134313,30.526315075625526,1.2192003047999997
675,12,60,1.0064060262809431,-2.4253622811956377,30.526315075625526,1.3716003047999998
611,12,60,0.9905091247749532,118.83493713502044,30.526315075625526,1.4020799999999998
652,12,60,1.0034056275515326,-2.2147141090281077,30.526315075625526,1.5544799999999999
670,12,60,1.0223557401352594,-1.331050493295778,30.526315075625526,0.8129015999999999
632,12,60,1.027838635359966,-0.8754831567632881,30.526315075625526,0.6095999999999999
680,12,60,1.0103443673322994,-2.264222606899225,30.526315075625526,1.5239999999999998
684,12,60,1.0085346246279252,-2.2819343574612363,30.526315075625526,1.3106399999999998
sourcebus,13,60,1.0000258096246673,29.998947327936616,30.526315075625526,
650,13,60,0.9999835462547849,-0.0025692274962135996,30.526315075625526,
rg60,13,60,1.0499257984974484,-0.0022863375780857037,30.526315075625526,0.0
633,13,60,1.0266125569487907,-0.8210734548774304,30.526315075625526,0.7619999999999999
634,13,60,1.0052883370549068,-1.4175861751045953,30.526315075625526,
671,13,60,1.0103443544016213,-2.2642222535168046,30.526315075625526,1.2191999999999998
645,13,60,1.0254744716676072,-120.27914595523151,30.526315075625526,0.7619999999999999
646,13,60,1.0239182258852284,-120.34771946445558,30.526315075625526,0.8534399999999999
692,13,60,1.0103443521626327,-2.264222174134313,30.526315075625526,1.2192003047999997
675,13,60,1.0064060262809431,-2.4253622811956377,30.526315075625526,1.3716003047999998
611,13,60,0.9905091247749532,118.83493713502044,30.526315075625526,1.4020799999999998
652,13,60,1.0034056275515326,-2.2147141090281077,30.526315075625526,1.5544799999999999
670,13,60,1.0223557401352594,-1.331050493295778,30.526315075625526,0.8129015999999999
632,13,60,1.027838635359966,-0.8754831567632881,30.526315075625526,0.6095999999999999
680,13,60,1.0103443673322994,-2.264222606899225,30.526315075625526,1.5239999999999998
684,13,60,1.0085346246279252,-2.2819343574612363,30.526315075625526,1.3106399999999998
sourcebus,14,60,1.0000180290951357,29.998609446326192,36.60811260279603,
650,14,60,0.9999720642781443,-0.0030700094972183995,36.60811260279603,
rg60,14,60,1.0499070563996133,-0.0028428068875682657,36.60811260279603,0.0
633,14,60,1.0239523418507492,-0.9477549449535344,36.60811260279603,0.7619999999999999
634,14,60,1.001351633461756,-1.5815164174064804,36.60811260279603,
671,14,60,1.0058764723850169,-2.53012218798262,36.60811260279603,1.2191999999999998
645,14,60,1.0242665734573566,-120.37081572133454,36.60811260279603,0.7619999999999999
646,14,60,1.0226270608694,-120.4430525547201,36.60811260279603,0.8534399999999999
692,14,60,1.0058764696774556,-2.5301220909393836,36.60811260279603,1.2192003047999997
675,14,60,1.0015259392372826,-2.698887235484505,36.60811260279603,1.3716003047999998
611,14,60,0.983930921320269,118.66949379709976,36.60811260279603,1.4020799999999998
652,14,60,0.9985942988123501,-2.4794640670556576,36.60811260279603,1.5544799999999999
670,14,60,1.0192099834011774,-1.500929919569903,36.60811260279603,0.8129015999999999
632,14,60,1.0253371782580885,-0.9992663420490088,36.60811260279603,0.6095999999999999
680,14,60,1.0058764852528568,-2.5301225426662866,36.60811260279603,1.5239999999999998
684,14,60,1.0039823497433198,-2.550403069929623,36.60811260279603,1.3106399999999998
sourcebus,15,60,1.0000101063258215,29.99826857612634,43.10824351734501,
650,15,60,0.999960284188549,-0.0035966182848379716,43.10824351734501,
rg60,15,60,1.0561371421238477,-0.003434042034593133,43.10824351734501,0.0
633,15,60,1.0277611349722475,-1.0663964334353584,43.10824351734501,0.7619999999999999
634,15,60,1.0040259643915668,-1.7294202948290003,43.10824351734501,
671,15,60,1.0080401948816207,-2.775891767619276,43.10824351734501,1.2191999999999998
645,15,60,1.0229970537913091,-120.45850877981938,43.10824351734501,0.7619999999999999
646,15,60,1.0212715219055728,-120.53481038977806,43.10824351734501,0.8534399999999999
692,15,60,1.0080401917171102,-2.7758916559132985,43.10824351734501,1.2192003047999997
675,15,60,1.0033274520904831,-2.9518196958300367,43.10824351734501,1.3716003047999998
611,15,60,0.9840155428051073,118.49396749907217,43.10824351734501,1.4020799999999998
652,15,60,1.0003625555618243,-2.7239957168077678,43.10824351734501,1.5544799999999999
670,15,60,1.0225741535912634,-1.6582431726705888,43.10824351734501,0.8129015999999999
632,15,60,1.0292911905830826,-1.1144270436359236,43.10824351734501,0.6095999999999999
680,15,60,1.0080402077893573,-2.7758921224344486,43.10824351734501,1.5239999999999998
684,15,60,1.0060443012529405,-2.798651373438394,43.10824351734501,1.3106399999999998
sourcebus,16,60,1.000002152446001,29.99793386621415,50.59411481053282,
650,16,60,0.9999484976666654,-0.004094761505270479,50.59411481053282,
rg60,16,60,1.0561178495874224,-0.003983444357828531,50.59411481053282,0.0
633,16,60,1.0250519342564464,-1.1925963465428944,50.59411481053282,0.7619999999999999
634,16,60,1.0000263342285196,-1.8934009555783573,50.59411481053282,
671,16,60,1.0035044613631765,-3.043152562228118,50.59411481053282,1.2191999999999998
645,16,60,1.0217734258348035,-120.55088948589992,50.59411481053282,0.7619999999999999
646,16,60,1.019965210350695,-120.63084305859968,50.59411481053282,0.8534399999999999
692,16,60,1.0035044577237673,-3.0431524325053494,50.59411481053282,1.2192003047999997
675,16,60,0.9983743040473907,-3.2269175937789947,50.59411481053282,1.3716003047999998
611,16,60,0.9773632988012907,118.32773278785903,50.59411481053282,1.4020799999999998
652,16,60,0.9954894272846022,-2.9901039537877443,50.59411481053282,1.5544799999999999
670,16,60,1.0193718702419503,-1.827985588202123,50.59411481053282,0.8129015999999999
632,16,60,1.026742478283114,-1.2377090032399525,50.59411481053282,0.6095999999999999
680,16,60,1.0035044742071402,-3.0431529183598744,50.59411481053282,1.5239999999999998
684,16,60,1.0014262690197562,-3.068474165239081,50.59411481053282,1.3106399999999998
sourcebus,17,60,0.9999941147022696,29.997600851170613,58.82720375269935,
650,17,60,0.99993656680941,-0.00459112688513161,58.82720375269935,
rg60,17,60,1.056098351270041,-0.004528692963280455,58.82720375269935,0.0
633,17,60,1.0223125120083325,-1.3194114055552535,58.82720375269935,0.7619999999999999
634,17,60,0.9959846738400696,-2.0585370012734603,58.82720375269935,
671,17,60,0.998926676839387,-3.312860303238333,58.82720375269935,1.2191999999999998
645,17,60,1.020545622044245,-120.64350403656827,58.82720375269935,0.7619999999999999
646,17,60,1.0186550887424042,-120.72709181427902,58.82720375269935,0.8534399999999999
692,17,60,0.9989266727203009,-3.312860155206349,58.82720375269935,1.2192003047999997
675,17,60,0.9933747679004953,-3.504637089548131,58.82720375269935,1.3716003047999998
611,17,60,0.9706553008745447,118.16043129599888,58.82720375269935,1.4020799999999998
652,17,60,0.9905787977278384,-3.2586596092390696,58.82720375269935,1.5544799999999999
670,17,60,1.0161351659102527,-1.9987833458797213,58.82720375269935,0.8129015999999999
632,17,60,1.0241650002898792,-1.361568528626729,58.82720375269935,0.6095999999999999
680,17,60,0.998926689619048,-3.31286066071033,58.82720375269935,1.5239999999999998
684,17,60,0.9967677369183771,-3.3407422783214846,58.82720375269935,1.3106399999999998
sourcebus,18,60,1.000002152446001,29.99793386621415,50.59411481053282,
650,18,60,0.9999484976666654,-0.004094761505270479,50.59411481053282,
rg60,18,60,1.0561178495874224,-0.003983444357828531,50.59411481053282,0.0
633,18,60,1.0250519342564464,-1.1925963465428944,50.59411481053282,0.7619999999999999
634,18,60,1.0000263342285196,-1.8934009555783573,50.59411481053282,
671,18,60,1.0035044613631765,-3.043152562228118,50.59411481053282,1.2191999999999998
645,18,60,1.0217734258348035,-120.55088948589992,50.59411481053282,0.7619999999999999
646,18,60,1.019965210350695,-120.63084305859968,50.59411481053282,0.8534399999999999
692,18,60,1.0035044577237673,-3.0431524325053494,50.59411481053282,1.2192003047999997
675,18,60,0.9983743040473907,-3.2269175937789947,50.59411481053282,1.3716003047999998
611,18,60,0.9773632988012907,118.32773278785903,50.59411481053282,1.4020799999999998
652,18,60,0.9954894272846022,-2.9901039537877443,50.59411481053282,1.5544799999999999
670,18,60,1.0193718702419503,-1.827985588202123,50.59411481053282,0.8129015999999999
632,18,60,1.026742478283114,-1.2377090032399525,50.59411481053282,0.6095999999999999
680,18,60,1.0035044742071402,-3.0431529183598744,50.59411481053282,1.5239999999999998
684,18,60,1.0014262690197562,-3.068474165239081,50.59411481053282,1.3106399999999998
sourcebus,19,60,1.0000180290951357,29.998609446326192,36.60811260279603,
650,19,60,0.9999720642781443,-0.0030700094972183995,36.60811260279603,
rg60,19,60,1.0499070563996133,-0.0028428068875682657,36.60811260279603,0.0
633,19,60,1.0239523418507492,-0.9477549449535344,36.60811260279603,0.7619999999999999
634,19,60,1.001351633461756,-1.5815164174064804,36.60811260279603,
671,19,60,1.0058764723850169,-2.53012218798262,36.60811260279603,1.2191999999999998
645,19,60,1.0242665734573566,-120.37081572133454,36.60811260279603,0.7619999999999999
646,19,60,1.0226270608694,-120.4430525547201,36.60811260279603,0.8534399999999999
692,19,60,1.0058764696774556,-2.5301220909393836,36.60811260279603,1.2192003047999997
675,19,60,1.0015259392372826,-2.698887235484505,36.60811260279603,1.3716003047999998
611,19,60,0.983930921320269,118.66949379709976,36.60811260279603,1.4020799999999998
652,19,60,0.9985942988123501,-2.4794640670556576,36.60811260279603,1.5544799999999999
670,19,60,1.0192099834011774,-1.500929919569903,36.60811260279603,0.8129015999999999
632,19,60,1.0253371782580885,-0.9992663420490088,36.60811260279603,0.6095999999999999
680,19,60,1.0058764852528568,-2.5301225426662866,36.60811260279603,1.5239999999999998
684,19,60,1.0039823497433198,-2.550403069929623,36.60811260279603,1.3106399999999998
sourcebus,20,60,1.0000332572350197,29.999300876119563,25.409857997606263,
650,20,60,0.9999946902547271,-0.002045737863105268,25.409857997606263,
rg60,20,60,1.0436944875358931,-0.0016952871381366475,25.409857997606263,0.0
633,20,60,1.0228702866994772,-0.6993375472843715,25.409857997606263,0.7619999999999999
634,20,60,1.0026786038562054,-1.2663082414573783,25.409857997606263,
671,20,60,1.00831353185972,-2.0170231800909306,25.409857997606263,1.2191999999999998
645,20,60,1.0202880180847844,-120.18276282262181,25.409857997606263,0.7619999999999999
646,20,60,1.018824536294989,-120.2476477575804,25.409857997606263,0.8534399999999999
692,20,60,1.0083135300766932,-2.017023115383532,25.409857997606263,1.2192003047999997
675,20,60,1.004742306552248,-2.171432754123087,25.409857997606263,1.3716003047999998
611,20,60,0.9902517110620495,119.00177766005082,25.409857997606263,1.4020799999999998
652,20,60,1.0017693188236219,-1.9687558977558464,25.409857997606263,1.5544799999999999
670,20,60,1.019073765742862,-1.1709108745498065,25.409857997606263,0.8129015999999999
632,20,60,1.0239466965239479,-0.7573289088608764,25.409857997606263,0.6095999999999999
680,20,60,1.0083135447703357,-2.017023532362583,25.409857997606263,1.5239999999999998
684,20,60,1.0066054067634196,-2.032255289313825,25.409857997606263,1.3106399999999998
sourcebus,21,60,1.0000484405035228,29.99998954159984,16.771971382990152,
650,21,60,1.0000169837369723,-0.0010123272987937104,16.771971382990152,
rg60,21,60,1.037480971014213,-0.0005291203816395356,16.771971382990152,0.0
633,21,60,1.0216151069703563,-0.44729578933004016,16.771971382990152,0.7619999999999999
634,21,60,1.0038257767743708,-0.947567626746322,16.771971382990152,
671,21,60,1.0104744279202131,-1.4985597547204468,16.771971382990152,1.2191999999999998
645,21,60,1.0227464355525873,-120.0037475785462,16.771971382990152,0.7619999999999999
646,21,60,1.0214525371913339,-120.0609165826185,16.771971382990152,0.8534399999999999
692,21,60,1.0104744270557546,-1.4985597220100162,16.771971382990152,1.2192003047999997
675,21,60,1.0076715363736888,-1.63840931098721,16.771971382990152,1.3716003047999998
611,21,60,0.9966343804017499,119.34786322717436,16.771971382990152,1.4020799999999998
652,21,60,1.0046754013795836,-1.4526547088575672,16.771971382990152,1.5544799999999999
670,21,60,1.0187299411259307,-0.8364065029174425,16.771971382990152,0.8129015999999999
632,21,60,1.0223885556480392,-0.5118146569858372,16.771971382990152,0.6095999999999999
680,21,60,1.0104744408514834,-1.4985601055581395,16.771971382990152,1.5239999999999998
684,21,60,1.0089547904517568,-1.5087060723522518,16.771971382990152,1.3106399999999998
sourcebus,22,60,1.000055898958515,30.00033370171645,13.398519881899338,
650,22,60,1.000027893747941,-0.0005059534622067581,13.398519881899338,
rg60,22,60,1.037498681839031,4.1501582010951316e-05,13.398519881899338,0.0
633,22,60,1.0241849916751613,-0.32007732100406394,13.398519881899338,0.7619999999999999
634,22,60,1.0076469749638721,-0.784065587799162,13.398519881899338,
671,22,60,1.0148201336666296,-1.2358419075503047,13.398519881899338,1.2191999999999998
645,22,60,1.0239456488436725,-119.9121239265766,13.398519881899338,0.7619999999999999
646,22,60,1.0227357147338811,-119.9655865422172,13.398519881899338,0.8534399999999999
692,22,60,1.0148201332590179,-1.235841891847503,13.398519881899338,1.2192003047999997
675,22,60,1.0124189793804756,-1.3684854996456506,13.398519881899338,1.3716003047999998
611,22,60,1.0030661199107613,119.5125919226635,13.398519881899338,1.4020799999999998
652,22,60,1.009376183170842,-1.191080126449338,13.398519881899338,1.5544799999999999
670,22,60,1.0217721671529103,-0.6667160042570655,13.398519881899338,0.8129015999999999
632,22,60,1.0248028202776844,-0.3874434180131324,13.398519881899338,0.6095999999999999
680,22,60,1.0148201466591147,-1.23584225713484,13.398519881899338,1.5239999999999998
684,22,60,1.0133889022815126,-1.2434043152460557,13.398519881899338,1.3106399999999998
sourcebus,23,60,1.0000629233312779,30.000681056956545,10.804739625935216,
650,23,60,1.0000385091795656,-1.6831170829783433e-06,10.804739625935216,
rg60,23,60,1.0375159317059535,0.0006093600899100598,10.804739625935216,0.0
633,23,60,1.026773295506885,-0.2024154379125207,10.804739625935216,0.7619999999999999
634,23,60,1.011476911252216,-0.6305533856340937,10.804739625935216,
671,23,60,1.0192061700986736,-0.9933198665431269,10.804739625935216,1.2191999999999998
645,23,60,1.0188399864610518,-119.80640130229887,10.804739625935216,0.7619999999999999
646,23,60,1.0177212339729977,-119.85612989592082,10.804739625935216,0.8534399999999999
692,23,60,1.019206170140612,-0.9933198676797244,10.804739625935216,1.2192003047999997
675,23,60,1.01719977530834,-1.1196185661523796,10.804739625935216,1.3716003047999998
611,23,60,1.002658023487834,119.68882944078612,10.804739625935216,1.4020799999999998
652,23,60,1.014121318418572,-0.9498763565044438,10.804739625935216,1.5544799999999999
670,23,60,1.0248416558468312,-0.5097040542376889,10.804739625935216,0.8129015999999999
632,23,60,1.0272358724839477,-0.27227263974272065,10.804739625935216,0.6095999999999999
680,23,60,1.0192061831710777,-0.9933202148249507,10.804739625935216,1.5239999999999998
684,23,60,1.0178648652823574,-0.9984712611492481,10.804739625935216,1.3106399999999998
