bus,voltage_pu,angle,penetration_pct,load_mult,converged,hour,losses_kw,distance_km
sourcebus,1.0000407844248143,29.995377785906935,0,0.6,True,0,36.480460505643734,
650,1.000010922998912,-0.007084596509563062,0,0.6,True,0,36.480460505643734,
rg60,1.0436967803028463,-0.008653807483924653,0,0.6,True,0,36.480460505643734,0.0
633,1.0208420972041343,-1.5728943708940368,0,0.6,True,0,36.480460505643734,0.7619999999999999
634,1.0066556191391425,-1.9723230539744012,0,0.6,True,0,36.480460505643734,
671,1.0069995411483166,-3.199225632050444,0,0.6,True,0,36.480460505643734,1.2191999999999998
645,1.0295753150934992,-121.21804278418023,0,0.6,True,0,36.480460505643734,0.7619999999999999
646,1.0285330782692796,-121.2637136161963,0,0.6,True,0,36.480460505643734,0.8534399999999999
692,1.0069995356794927,-3.1992256436238424,0,0.6,True,0,36.480460505643734,1.2192003047999997
675,1.0037665844465606,-3.3831531293889894,0,0.6,True,0,36.480460505643734,1.3716003047999998
611,1.0023232750021656,117.1599954717593,0,0.6,True,0,36.480460505643734,1.4020799999999998
652,1.0023634040013658,-3.1569317554338325,0,0.6,True,0,36.480460505643734,1.5544799999999999
670,1.017599272332728,-2.082513326844851,0,0.6,True,0,36.480460505643734,0.8129015999999999
632,1.022629457080208,-1.53436277663772,0,0.6,True,0,36.480460505643734,0.6095999999999999
680,1.0069995540074888,-3.199225981377728,0,0.6,True,0,36.480460505643734,1.5239999999999998
684,1.0057788550169433,-3.2017952647130667,0,0.6,True,0,36.480460505643734,1.3106399999999998
sourcebus,1.0000484628152937,29.995716650612277,0,0.55,True,1,30.38852955244377,
650,1.0000225596464087,-0.006576981774552312,0,0.55,True,1,30.38852955244377,
rg60,1.0437156311681606,-0.00809242568926216,0,0.55,True,1,30.38852955244377,0.0
633,1.0235955971303572,-1.4413993023837715,0,0.55,True,1,30.38852955244377,0.7619999999999999
634,1.0106442347935893,-1.8051279657464907,0,0.55,True,1,30.38852955244377,
671,1.011618096886349,-2.927972641084081,0,0.55,True,1,30.38852955244377,1.2191999999999998
645,1.024323667903803,-121.13308295664433,0,0.55,True,1,30.38852955244377,0.7619999999999999
646,1.0233723868952014,-121.17503197427969,0,0.55,True,1,30.38852955244377,0.8534399999999999
692,1.0116180918948459,-2.9279726696151034,0,0.55,True,1,30.38852955244377,1.2192003047999997
675,1.0087958422325907,-3.1047305620292995,0,0.55,True,1,30.38852955244377,1.3716003047999998
611,1.002268924176453,117.31033387600142,0,0.55,True,1,30.38852955244377,1.4020799999999998
652,1.0073414247268035,-2.8869964664539896,0,0.55,True,1,30.38852955244377,1.5544799999999999
670,1.0208617552033852,-1.9079944383365506,0,0.55,True,1,30.38852955244377,0.8129015999999999
632,1.0252233223410085,-1.4064032889355487,0,0.55,True,1,30.38852955244377,0.6095999999999999
680,1.0116181098286328,-2.927972988829006,0,0.55,True,1,30.38852955244377,1.5239999999999998
684,1.0104877358083506,-2.928126467392383,0,0.55,True,1,30.38852955244377,1.3106399999999998
sourcebus,1.0000564212359828,29.99606366958054,0,0.5,True,2,24.90522362381971,
650,1.0000340887229033,-0.006049365086705302,0,0.5,True,2,24.90522362381971,
rg60,1.037484540865275,-0.007495953940305612,0,0.5,True,2,24.90522362381971,0.0
633,1.0197836713415163,-1.3206656092379245,0,0.5,True,2,24.90522362381971,0.7619999999999999
634,1.0079809916580833,-1.6534178109727684,0,0.5,True,2,24.90522362381971,
671,1.0094712085372206,-2.6761509393716585,0,0.5,True,2,24.90522362381971,1.2191999999999998
645,1.0255730226498534,-121.04835497415323,0,0.5,True,2,24.90522362381971,0.7619999999999999
646,1.0247066806297151,-121.0865723306484,0,0.5,True,2,24.90522362381971,0.8534399999999999
692,1.0094712039950242,-2.6761509828796695,0,0.5,True,2,24.90522362381971,1.2192003047999997
675,1.0070200442532662,-2.8455385896261287,0,0.5,True,2,24.90522362381971,1.3716003047999998
611,1.0089366057621452,117.4967739819131,0,0.5,True,2,24.90522362381971,1.4020799999999998
652,1.0055862524687733,-2.636152261318046,0,0.5,True,2,24.90522362381971,1.5544799999999999
670,1.0174997880074204,-1.7465189151851643,0,0.5,True,2,24.90522362381971,0.8129015999999999
632,1.021270599370159,-1.288562278839107,0,0.5,True,2,24.90522362381971,0.6095999999999999
680,1.00947122143878,-2.6761512861348615,0,0.5,True,2,24.90522362381971,1.5239999999999998
684,1.0084414822311565,-2.6735466391767835,0,0.5,True,2,24.90522362381971,1.3106399999999998
sourcebus,1.0000564212359828,29.99606366958054,0,0.5,True,3,24.90522362381971,
650,1.0000340887229033,-0.006049365086705302,0,0.5,True,3,24.90522362381971,
rg60,1.037484540865275,-0.007495953940305612,0,0.5,True,3,24.90522362381971,0.0
633,1.0197836713415163,-1.3206656092379245,0,0.5,True,3,24.90522362381971,0.7619999999999999
634,1.0079809916580833,-1.6534178109727684,0,0.5,True,3,24.90522362381971,
671,1.0094712085372206,-2.6761509393716585,0,0.5,True,3,24.90522362381971,1.2191999999999998
645,1.0255730226498534,-121.04835497415323,0,0.5,True,3,24.90522362381971,0.7619999999999999
646,1.0247066806297151,-121.0865723306484,0,0.5,True,3,24.90522362381971,0.8534399999999999
692,1.0094712039950242,-2.6761509828796695,0,0.5,True,3,24.90522362381971,1.2192003047999997
675,1.0070200442532662,-2.8455385896261287,0,0.5,True,3,24.90522362381971,1.3716003047999998
611,1.0089366057621452,117.4967739819131,0,0.5,True,3,24.90522362381971,1.4020799999999998
652,1.0055862524687733,-2.636152261318046,0,0.5,True,3,24.90522362381971,1.5544799999999999
670,1.0174997880074204,-1.7465189151851643,0,0.5,True,3,24.90522362381971,0.8129015999999999
632,1.021270599370159,-1.288562278839107,0,0.5,True,3,24.90522362381971,0.6095999999999999
680,1.00947122143878,-2.6761512861348615,0,0.5,True,3,24.90522362381971,1.5239999999999998
684,1.0084414822311565,-2.6735466391767835,0,0.5,True,3,24.90522362381971,1.3106399999999998
sourcebus,1.0000484628152937,29.995716650612277,0,0.55,True,4,30.38852955244377,
650,1.0000225596464087,-0.006576981774552312,0,0.55,True,4,30.38852955244377,
rg60,1.0437156311681606,-0.00809242568926216,0,0.55,True,4,30.38852955244377,0.0
633,1.0235955971303572,-1.4413993023837715,0,0.55,True,4,30.38852955244377,0.7619999999999999
634,1.0106442347935893,-1.8051279657464907,0,0.55,True,4,30.38852955244377,
671,1.011618096886349,-2.927972641084081,0,0.55,True,4,30.38852955244377,1.2191999999999998
645,1.024323667903803,-121.13308295664433,0,0.55,True,4,30.38852955244377,0.7619999999999999
646,1.0233723868952014,-121.17503197427969,0,0.55,True,4,30.38852955244377,0.8534399999999999
692,1.0116180918948459,-2.9279726696151034,0,0.55,True,4,30.38852955244377,1.2192003047999997
675,1.0087958422325907,-3.1047305620292995,0,0.55,True,4,30.38852955244377,1.3716003047999998
611,1.002268924176453,117.31033387600142,0,0.55,True,4,30.38852955244377,1.4020799999999998
652,1.0073414247268035,-2.8869964664539896,0,0.55,True,4,30.38852955244377,1.5544799999999999
670,1.0208617552033852,-1.9079944383365506,0,0.55,True,4,30.38852955244377,0.8129015999999999
632,1.0252233223410085,-1.4064032889355487,0,0.55,True,4,30.38852955244377,0.6095999999999999
680,1.0116181098286328,-2.927972988829006,0,0.55,True,4,30.38852955244377,1.5239999999999998
684,1.0104877358083506,-2.928126467392383,0,0.55,True,4,30.38852955244377,1.3106399999999998
sourcebus,1.0000326843622147,29.99504306019556,0,0.65,True,5,43.47524357944844,
650,0.9999989448266996,-0.007590710795329491,0,0.65,True,5,43.47524357944844,
rg60,1.043677426479967,-0.009212595803295092,0,0.65,True,5,43.47524357944844,0.0
633,1.0181310033746729,-1.7064755491260775,0,0.65,True,5,43.47524357944844,0.7619999999999999
634,1.0027008139931084,-2.142010184416821,0,0.65,True,5,43.47524357944844,
671,1.002458690661604,-3.477934676973489,0,0.65,True,5,43.47524357944844,1.2191999999999998
645,1.0283884382847681,-121.30702455952273,0,0.65,True,5,43.47524357944844,0.7619999999999999
646,1.027261438948739,-121.35639313355122,0,0.65,True,5,43.47524357944844,0.8534399999999999
692,1.0024586847095345,-3.477934671405514,0,0.65,True,5,43.47524357944844,1.2192003047999997
675,0.9988127997972661,-3.6698290455828775,0,0.65,True,5,43.47524357944844,1.3716003047999998
611,0.9955730066962606,116.98003991988085,0,0.65,True,5,43.47524357944844,1.4020799999999998
652,0.9974673910362167,-3.4345252719754753,0,0.65,True,5,43.47524357944844,1.5544799999999999
670,1.0143897584788741,-2.2607779950648506,0,0.65,True,5,43.47524357944844,0.8129015999999999
632,1.0200750678264936,-1.6644705511758024,0,0.65,True,5,43.47524357944844,0.6095999999999999
680,1.002458703457314,-3.47793502767425,0,0.65,True,5,43.47524357944844,1.5239999999999998
684,1.0011494612733995,-3.483120176620278,0,0.65,True,5,43.47524357944844,1.3106399999999998
sourcebus,1.0000079530812374,29.99403542571096,0,0.8,True,6,67.84840696794019,
650,0.9999622609295673,-0.00915024647388176,0,0.8,True,6,67.84840696794019,
rg60,1.0561166020678947,-0.010940484055678443,0,0.8,True,6,67.84840696794019,0.0
633,1.0227671279193336,-2.0573135651286556,0,0.8,True,6,67.84840696794019,0.7619999999999999
634,1.0037861744377308,-2.590419640850239,0,0.8,True,6,67.84840696794019,
671,1.0018206984689046,-4.2249974111287925,0,0.8,True,6,67.84840696794019,1.2191999999999998
645,1.0245749896092209,-121.57859397961647,0,0.8,True,6,67.84840696794019,0.7619999999999999
646,1.0231914904747539,-121.63965124669846,0,0.8,True,6,67.84840696794019,0.8534399999999999
692,1.0018206911262701,-4.224997357870018,0,0.8,True,6,67.84840696794019,1.2192003047999997
675,0.9970248009183048,-4.438949738519008,0,0.8,True,6,67.84840696794019,1.3716003047999998
611,0.9888877070397131,116.47532433303009,0,0.8,True,6,67.84840696794019,1.4020799999999998
652,0.9957009106250755,-4.178084864912345,0,0.8,True,6,67.84840696794019,1.5544799999999999
670,1.017578740387586,-2.73309964996948,0,0.8,True,6,67.84840696794019,0.8129015999999999
632,1.0251588495914374,-2.006504824828793,0,0.8,True,6,67.84840696794019,0.6095999999999999
680,1.001820711272496,-4.224997763415777,0,0.8,True,6,67.84840696794019,1.5239999999999998
684,1.0002248859505822,-4.237861295408834,0,0.8,True,6,67.84840696794019,1.3106399999999998
sourcebus,0.9999909451862834,29.993383051094938,0,0.9,True,7,88.47898295121848,
650,0.9999368551130664,-0.010148763557660463,0,0.9,True,7,88.47898295121848,
rg60,1.0560753427066183,-0.012023168847684684,0,0.9,True,7,88.47898295121848,0.0
633,1.0171028827602853,-2.324414676968579,0,0.9,True,7,88.47898295121848,0.7619999999999999
634,0.99556601828496,-2.932478490510049,0,0.9,True,7,88.47898295121848,
671,0.9924045003383011,-4.793480808787225,0,0.9,True,7,88.47898295121848,1.2191999999999998
645,1.0221578772875888,-121.75891469079131,0,0.9,True,7,88.47898295121848,0.7619999999999999
646,1.0206074445625684,-121.8272947542048,0,0.9,True,7,88.47898295121848,0.8534399999999999
692,0.9924044919948679,-4.793480719469906,0,0.9,True,7,88.47898295121848,1.2192003047999997
675,0.9867540696405855,-5.024535627825529,0,0.9,True,7,88.47898295121848,1.3716003047999998
611,0.9749935736955306,116.10985247097683,0,0.9,True,7,88.47898295121848,1.4020799999999998
652,0.9856036853963315,-4.744331196702253,0,0.9,True,7,88.47898295121848,1.5544799999999999
670,1.0108805872832902,-3.091880707976837,0,0.9,True,7,88.47898295121848,0.8129015999999999
632,1.0198168454138983,-2.2664743572567536,0,0.9,True,7,88.47898295121848,0.6095999999999999
680,0.9924045130104561,-4.793481163935045,0,0.9,True,7,88.47898295121848,1.5239999999999998
684,0.990641686262656,-4.811551445135379,0,0.9,True,7,88.47898295121848,1.3106399999999998
sourcebus,0.9999823028792607,29.993059906048355,0,0.95,True,8,100.0157849345057,
650,0.9999239071163663,-0.010644941116394524,0,0.95,True,8,100.0157849345057,
rg60,1.0560543637072286,-0.012557401634272897,0,0.95,True,8,100.0157849345057,0.0
633,1.0142196191784774,-2.459119694304793,0,0.95,True,8,100.0157849345057,0.7619999999999999
634,0.9913867382350938,-3.105500650737529,0,0.95,True,8,100.0157849345057,
671,0.9876253118446093,-5.082097836378317,0,0.95,True,8,100.0157849345057,1.2191999999999998
645,1.0209447213302327,-121.84941101325305,0,0.95,True,8,100.0157849345057,0.7619999999999999
646,1.019311352261681,-121.92142321417653,0,0.95,True,8,100.0157849345057,0.8534399999999999
692,0.9876253029924913,-5.082097728567892,0,0.95,True,8,100.0157849345057,1.2192003047999997
675,0.9815404797704191,-5.322007868352921,0,0.95,True,8,100.0157849345057,1.3716003047999998
611,0.9679512790303555,115.9248270298591,0,0.95,True,8,100.0157849345057,1.4020799999999998
652,0.9804910212703398,-5.03183166664305,0,0.95,True,8,100.0157849345057,1.5544799999999999
670,1.007473003379783,-3.273192414218148,0,0.95,True,8,100.0157849345057,0.8129015999999999
632,1.0170970003216437,-2.3975346038962115,0,0.95,True,8,100.0157849345057,0.6095999999999999
680,0.9876253244501667,-5.082098192998497,0,0.95,True,8,100.0157849345057,1.5239999999999998
684,0.9857813935128473,-5.102770669517016,0,0.95,True,8,100.0157849345057,1.3106399999999998
sourcebus,0.9999735655883522,29.992738866061895,0,1.0,True,9,112.3917090551033,
650,0.9999107900848003,-0.011138980826177983,0,1.0,True,9,112.3917090551033,
rg60,1.056033143819324,-0.01308671700471866,0,1.0,True,9,112.3917090551033,0.0
633,1.0113009764965395,-2.59462926162611,0,1.0,True,9,112.3917090551033,0.7619999999999999
634,0.9871595707364196,-3.279911406234605,0,1.0,True,9,112.3917090551033,
671,0.9827968680110032,-5.37376969586427,0,1.0,True,9,112.3917090551033,1.2191999999999998
645,1.0197286174291875,-121.940137124525,0,1.0,True,9,112.3917090551033,0.7619999999999999
646,1.0180126704388597,-122.01576134642072,0,1.0,True,9,112.3917090551033,0.8534399999999999
692,0.9827968586444553,-5.373769569236181,0,1.0,True,9,112.3917090551033,1.2192003047999997
675,0.9762726889015545,-5.62274907131586,0,1.0,True,9,112.3917090551033,1.3716003047999998
611,0.9608427430890604,115.73820199802974,0,1.0,True,9,112.3917090551033,1.4020799999999998
652,0.9753338819618049,-5.322388173566026,0,1.0,True,9,112.3917090551033,1.5544799999999999
670,1.0040249149992404,-3.455842746605713,0,1.0,True,9,112.3917090551033,0.8129015999999999
632,1.014343366175742,-2.52934428621472,0,1.0,True,9,112.3917090551033,0.6095999999999999
680,0.9827968805493558,-5.373770053986291,0,1.0,True,9,112.3917090551033,1.5239999999999998
684,0.980873472633633,-5.397043830196654,0,1.0,True,9,112.3917090551033,1.3106399999999998
sourcebus,0.9999735655883522,29.992738866061895,0,1.0,True,10,112.3917090551033,
650,0.9999107900848003,-0.011138980826177983,0,1.0,True,10,112.3917090551033,
rg60,1.056033143819324,-0.01308671700471866,0,1.0,True,10,112.3917090551033,0.0
633,1.0113009764965395,-2.59462926162611,0,1.0,True,10,112.3917090551033,0.7619999999999999
634,0.9871595707364196,-3.279911406234605,0,1.0,True,10,112.3917090551033,
671,0.9827968680110032,-5.37376969586427,0,1.0,True,10,112.3917090551033,1.2191999999999998
645,1.0197286174291875,-121.940137124525,0,1.0,True,10,112.3917090551033,0.7619999999999999
646,1.0180126704388597,-122.01576134642072,0,1.0,True,10,112.3917090551033,0.8534399999999999
692,0.9827968586444553,-5.373769569236181,0,1.0,True,10,112.3917090551033,1.2192003047999997
675,0.9762726889015545,-5.62274907131586,0,1.0,True,10,112.3917090551033,1.3716003047999998
611,0.9608427430890604,115.73820199802974,0,1.0,True,10,112.3917090551033,1.4020799999999998
652,0.9753338819618049,-5.322388173566026,0,1.0,True,10,112.3917090551033,1.5544799999999999
670,1.0040249149992404,-3.455842746605713,0,1.0,True,10,112.3917090551033,0.8129015999999999
632,1.014343366175742,-2.52934428621472,0,1.0,True,10,112.3917090551033,0.6095999999999999
680,0.9827968805493558,-5.373770053986291,0,1.0,True,10,112.3917090551033,1.5239999999999998
684,0.980873472633633,-5.397043830196654,0,1.0,True,10,112.3917090551033,1.3106399999999998
sourcebus,0.9999823028792607,29.993059906048355,0,0.95,True,11,100.0157849345057,
650,0.9999239071163663,-0.010644941116394524,0,0.95,True,11,100.0157849345057,
rg60,1.0560543637072286,-0.012557401634272897,0,0.95,True,11,100.0157849345057,0.0
633,1.0142196191784774,-2.459119694304793,0,0.95,True,11,100.0157849345057,0.7619999999999999
634,0.9913867382350938,-3.105500650737529,0,0.95,True,11,100.0157849345057,
671,0.9876253118446093,-5.082097836378317,0,0.95,True,11,100.0157849345057,1.2191999999999998
645,1.0209447213302327,-121.84941101325305,0,0.95,True,11,100.0157849345057,0.7619999999999999
646,1.019311352261681,-121.92142321417653,0,0.95,True,11,100.0157849345057,0.8534399999999999
692,0.9876253029924913,-5.082097728567892,0,0.95,True,11,100.0157849345057,1.2192003047999997
675,0.9815404797704191,-5.322007868352921,0,0.95,True,11,100.0157849345057,1.3716003047999998
611,0.9679512790303555,115.9248270298591,0,0.95,True,11,100.0157849345057,1.4020799999999998
652,0.9804910212703398,-5.03183166664305,0,0.95,True,11,100.0157849345057,1.5544799999999999
670,1.007473003379783,-3.273192414218148,0,0.95,True,11,100.0157849345057,0.8129015999999999
632,1.0170970003216437,-2.3975346038962115,0,0.95,True,11,100.0157849345057,0.6095999999999999
680,0.9876253244501667,-5.082098192998497,0,0.95,True,11,100.0157849345057,1.5239999999999998
684,0.9857813935128473,-5.102770669517016,0,0.95,True,11,100.0157849345057,1.3106399999999998
sourcebus,0.9999909451862834,29.993383051094938,0,0.9,True,12,88.47898295121848,
650,0.9999368551130664,-0.010148763557660463,0,0.9,True,12,88.47898295121848,
rg60,1.0560753427066183,-0.012023168847684684,0,0.9,True,12,88.47898295121848,0.0
633,1.0171028827602853,-2.324414676968579,0,0.9,True,12,88.47898295121848,0.7619999999999999
634,0.99556601828496,-2.932478490510049,0,0.9,True,12,88.47898295121848,
671,0.9924045003383011,-4.793480808787225,0,0.9,True,12,88.47898295121848,1.2191999999999998
645,1.0221578772875888,-121.75891469079131,0,0.9,True,12,88.47898295121848,0.7619999999999999
646,1.0206074445625684,-121.8272947542048,0,0.9,True,12,88.47898295121848,0.8534399999999999
692,0.9924044919948679,-4.793480719469906,0,0.9,True,12,88.47898295121848,1.2192003047999997
675,0.9867540696405855,-5.024535627825529,0,0.9,True,12,88.47898295121848,1.3716003047999998
611,0.9749935736955306,116.10985247097683,0,0.9,True,12,88.47898295121848,1.4020799999999998
652,0.9856036853963315,-4.744331196702253,0,0.9,True,12,88.47898295121848,1.5544799999999999
670,1.0108805872832902,-3.091880707976837,0,0.9,True,12,88.47898295121848,0.8129015999999999
632,1.0198168454138983,-2.2664743572567536,0,0.9,True,12,88.47898295121848,0.6095999999999999
680,0.9924045130104561,-4.793481163935045,0,0.9,True,12,88.47898295121848,1.5239999999999998
684,0.990641686262656,-4.811551445135379,0,0.9,True,12,88.47898295121848,1.3106399999999998
sourcebus,0.9999909451862834,29.993383051094938,0,0.9,True,13,88.47898295121848,
650,0.9999368551130664,-0.010148763557660463,0,0.9,True,13,88.47898295121848,
rg60,1.0560753427066183,-0.012023168847684684,0,0.9,True,13,88.47898295121848,0.0
633,1.0171028827602853,-2.324414676968579,0,0.9,True,13,88.47898295121848,0.7619999999999999
634,0.99556601828496,-2.932478490510049,0,0.9,True,13,88.47898295121848,
671,0.9924045003383011,-4.793480808787225,0,0.9,True,13,88.47898295121848,1.2191999999999998
645,1.0221578772875888,-121.75891469079131,0,0.9,True,13,88.47898295121848,0.7619999999999999
646,1.0206074445625684,-121.8272947542048,0,0.9,True,13,88.47898295121848,0.8534399999999999
692,0.9924044919948679,-4.793480719469906,0,0.9,True,13,88.47898295121848,1.2192003047999997
675,0.9867540696405855,-5.024535627825529,0,0.9,True,13,88.47898295121848,1.3716003047999998
611,0.9749935736955306,116.10985247097683,0,0.9,True,13,88.47898295121848,1.4020799999999998
652,0.9856036853963315,-4.744331196702253,0,0.9,True,13,88.47898295121848,1.5544799999999999
670,1.0108805872832902,-3.091880707976837,0,0.9,True,13,88.47898295121848,0.8129015999999999
632,1.0198168454138983,-2.2664743572567536,0,0.9,True,13,88.47898295121848,0.6095999999999999
680,0.9924045130104561,-4.793481163935045,0,0.9,True,13,88.47898295121848,1.5239999999999998
684,0.990641686262656,-4.811551445135379,0,0.9,True,13,88.47898295121848,1.3106399999999998
sourcebus,0.9999823028792607,29.993059906048355,0,0.95,True,14,100.0157849345057,
650,0.9999239071163663,-0.010644941116394524,0,0.95,True,14,100.0157849345057,
rg60,1.0560543637072286,-0.012557401634272897,0,0.95,True,14,100.0157849345057,0.0
633,1.0142196191784774,-2.459119694304793,0,0.95,True,14,100.0157849345057,0.7619999999999999
634,0.9913867382350938,-3.105500650737529,0,0.95,True,14,100.0157849345057,
671,0.9876253118446093,-5.082097836378317,0,0.95,True,14,100.0157849345057,1.2191999999999998
645,1.0209447213302327,-121.84941101325305,0,0.95,True,14,100.0157849345057,0.7619999999999999
646,1.019311352261681,-121.92142321417653,0,0.95,True,14,100.0157849345057,0.8534399999999999
692,0.9876253029924913,-5.082097728567892,0,0.95,True,14,100.0157849345057,1.2192003047999997
675,0.9815404797704191,-5.322007868352921,0,0.95,True,14,100.0157849345057,1.3716003047999998
611,0.9679512790303555,115.9248270298591,0,0.95,True,14,100.0157849345057,1.4020799999999998
652,0.9804910212703398,-5.03183166664305,0,0.95,True,14,100.0157849345057,1.5544799999999999
670,1.007473003379783,-3.273192414218148,0,0.95,True,14,100.0157849345057,0.8129015999999999
632,1.0170970003216437,-2.3975346038962115,0,0.95,True,14,100.0157849345057,0.6095999999999999
680,0.9876253244501667,-5.082098192998497,0,0.95,True,14,100.0157849345057,1.5239999999999998
684,0.9857813935128473,-5.102770669517016,0,0.95,True,14,100.0157849345057,1.3106399999999998
sourcebus,0.9999735655883522,29.992738866061895,0,1.0,True,15,112.3917090551033,
650,0.9999107900848003,-0.011138980826177983,0,1.0,True,15,112.3917090551033,
rg60,1.056033143819324,-0.01308671700471866,0,1.0,True,15,112.3917090551033,0.0
633,1.0113009764965395,-2.59462926162611,0,1.0,True,15,112.3917090551033,0.7619999999999999
634,0.9871595707364196,-3.279911406234605,0,1.0,True,15,112.3917090551033,
671,0.9827968680110032,-5.37376969586427,0,1.0,True,15,112.3917090551033,1.2191999999999998
645,1.0197286174291875,-121.940137124525,0,1.0,True,15,112.3917090551033,0.7619999999999999
646,1.0180126704388597,-122.01576134642072,0,1.0,True,15,112.3917090551033,0.8534399999999999
692,0.9827968586444553,-5.373769569236181,0,1.0,True,15,112.3917090551033,1.2192003047999997
675,0.9762726889015545,-5.62274907131586,0,1.0,True,15,112.3917090551033,1.3716003047999998
611,0.9608427430890604,115.73820199802974,0,1.0,True,15,112.3917090551033,1.4020799999999998
652,0.9753338819618049,-5.322388173566026,0,1.0,True,15,112.3917090551033,1.5544799999999999
670,1.0040249149992404,-3.455842746605713,0,1.0,True,15,112.3917090551033,0.8129015999999999
632,1.014343366175742,-2.52934428621472,0,1.0,True,15,112.3917090551033,0.6095999999999999
680,0.9827968805493558,-5.373770053986291,0,1.0,True,15,112.3917090551033,1.5239999999999998
684,0.980873472633633,-5.397043830196654,0,1.0,True,15,112.3917090551033,1.3106399999999998
sourcebus,0.999965105673169,29.992401414111864,0,1.05,True,16,124.28081989339438,
650,0.9998978876995543,-0.011655725251202422,0,1.05,True,16,124.28081989339438,
rg60,1.0622607198296066,-0.013649387074670623,0,1.05,True,16,124.28081989339438,0.0
633,1.01490979064673,-2.702631660275136,0,1.05,True,16,124.28081989339438,0.7619999999999999
634,0.9896203462191447,-3.417856986072904,0,1.05,True,16,124.28081989339438,
671,0.9846651440453326,-5.607236142527288,0,1.05,True,16,124.28081989339438,1.2191999999999998
645,1.0249554784671535,-122.01441929189996,0,1.05,True,16,124.28081989339438,0.7619999999999999
646,1.023145886590213,-122.09365863453928,0,1.05,True,16,124.28081989339438,0.8534399999999999
692,0.9846651342218505,-5.60723600056912,0,1.05,True,16,124.28081989339438,1.2192003047999997
675,0.9777624205365565,-5.863294618849024,0,1.05,True,16,124.28081989339438,1.3716003047999998
611,0.9607586203471097,115.59058959777256,0,1.05,True,16,124.28081989339438,1.4020799999999998
652,0.9768183153316894,-5.554622466149076,0,1.05,True,16,124.28081989339438,1.5544799999999999
670,1.0071469350994369,-3.6016719528496894,0,1.05,True,16,124.28081989339438,0.8129015999999999
632,1.0180968019655439,-2.6344764448523033,0,1.05,True,16,124.28081989339438,0.6095999999999999
680,0.9846651566022714,-5.607236501907569,0,1.05,True,16,124.28081989339438,1.5239999999999998
684,0.982643807379297,-5.632992677600412,0,1.05,True,16,124.28081989339438,1.3106399999999998
sourcebus,0.9999561801447486,29.99208398157475,0,1.1,True,17,138.23969560759733,
650,0.9998844252063682,-0.012146192775097285,0,1.1,True,17,138.23969560759733,
rg60,1.0622388760340322,-0.014169848628751857,0,1.1,True,17,138.23969560759733,0.0
633,1.011936627628293,-2.838391491057551,0,1.1,True,17,138.23969560759733,0.7619999999999999
634,0.9853225482440843,-3.593162404993842,0,1.1,True,17,138.23969560759733,
671,0.9797625260682853,-5.901868527084314,0,1.1,True,17,138.23969560759733,1.2191999999999998
645,1.023742855138115,-122.10466238793695,0,1.1,True,17,138.23969560759733,0.7619999999999999
646,1.0218508489437688,-122.18747494553963,0,1.1,True,17,138.23969560759733,0.8534399999999999
692,0.9797625157221469,-5.901868365870551,0,1.1,True,17,138.23969560759733,1.2192003047999997
675,0.9724134703774502,-6.167304583521269,0,1.1,True,17,138.23969560759733,1.3716003047999998
611,0.9535458327931144,115.4026478139641,0,1.1,True,17,138.23969560759733,1.4020799999999998
652,0.9715937183476756,-5.848137113929835,0,1.1,True,17,138.23969560759733,1.5544799999999999
670,1.0036362165674086,-3.785118710701188,0,1.1,True,17,138.23969560759733,0.8129015999999999
632,1.015290648296311,-2.766470102860964,0,1.1,True,17,138.23969560759733,0.6095999999999999
680,0.9797625385571337,-5.901868888010423,0,1.1,True,17,138.23969560759733,1.5239999999999998
684,0.9776640425405168,-5.930219783012257,0,1.1,True,17,138.23969560759733,1.3106399999999998
sourcebus,0.999965105673169,29.992401414111864,0,1.05,True,18,124.28081989339438,
650,0.9998978876995543,-0.011655725251202422,0,1.05,True,18,124.28081989339438,
rg60,1.0622607198296066,-0.013649387074670623,0,1.05,True,18,124.28081989339438,0.0
633,1.01490979064673,-2.702631660275136,0,1.05,True,18,124.28081989339438,0.7619999999999999
634,0.9896203462191447,-3.417856986072904,0,1.05,True,18,124.28081989339438,
671,0.9846651440453326,-5.607236142527288,0,1.05,True,18,124.28081989339438,1.2191999999999998
645,1.0249554784671535,-122.01441929189996,0,1.05,True,18,124.28081989339438,0.7619999999999999
646,1.023145886590213,-122.09365863453928,0,1.05,True,18,124.28081989339438,0.8534399999999999
692,0.9846651342218505,-5.60723600056912,0,1.05,True,18,124.28081989339438,1.2192003047999997
675,0.9777624205365565,-5.863294618849024,0,1.05,True,18,124.28081989339438,1.3716003047999998
611,0.9607586203471097,115.59058959777256,0,1.05,True,18,124.28081989339438,1.4020799999999998
652,0.9768183153316894,-5.554622466149076,0,1.05,True,18,124.28081989339438,1.5544799999999999
670,1.0071469350994369,-3.6016719528496894,0,1.05,True,18,124.28081989339438,0.8129015999999999
632,1.0180968019655439,-2.6344764448523033,0,1.05,True,18,124.28081989339438,0.6095999999999999
680,0.9846651566022714,-5.607236501907569,0,1.05,True,18,124.28081989339438,1.5239999999999998
684,0.982643807379297,-5.632992677600412,0,1.05,True,18,124.28081989339438,1.3106399999999998
sourcebus,0.9999823028792607,29.993059906048355,0,0.95,True,19,100.0157849345057,
650,0.9999239071163663,-0.010644941116394524,0,0.95,True,19,100.0157849345057,
rg60,1.0560543637072286,-0.012557401634272897,0,0.95,True,19,100.0157849345057,0.0
633,1.0142196191784774,-2.459119694304793,0,0.95,True,19,100.0157849345057,0.7619999999999999
634,0.9913867382350938,-3.105500650737529,0,0.95,True,19,100.0157849345057,
671,0.9876253118446093,-5.082097836378317,0,0.95,True,19,100.0157849345057,1.2191999999999998
645,1.0209447213302327,-121.84941101325305,0,0.95,True,19,100.0157849345057,0.7619999999999999
646,1.019311352261681,-121.92142321417653,0,0.95,True,19,100.0157849345057,0.8534399999999999
692,0.9876253029924913,-5.082097728567892,0,0.95,True,19,100.0157849345057,1.2192003047999997
675,0.9815404797704191,-5.322007868352921,0,0.95,True,19,100.0157849345057,1.3716003047999998
611,0.9679512790303555,115.9248270298591,0,0.95,True,19,100.0157849345057,1.4020799999999998
652,0.9804910212703398,-5.03183166664305,0,0.95,True,19,100.0157849345057,1.5544799999999999
670,1.007473003379783,-3.273192414218148,0,0.95,True,19,100.0157849345057,0.8129015999999999
632,1.0170970003216437,-2.3975346038962115,0,0.95,True,19,100.0157849345057,0.6095999999999999
680,0.9876253244501667,-5.082098192998497,0,0.95,True,19,100.0157849345057,1.5239999999999998
684,0.9857813935128473,-5.102770669517016,0,0.95,True,19,100.0157849345057,1.3106399999999998
sourcebus,0.9999994946035118,29.993708242517844,0,0.85,True,20,77.76244206190562,
650,0.9999496384174561,-0.009650512343031624,0,0.85,True,20,77.76244206190562,
rg60,1.056096086973592,-0.011484154281831143,0,0.85,True,20,77.76244206190562,0.0
633,1.0199517326025893,-2.190486985776325,0,0.85,True,20,77.76244206190562,0.7619999999999999
634,0.999698731125863,-2.760798570496103,0,0.85,True,20,77.76244206190562,
671,0.9971358312885729,-4.507812637875849,0,0.85,True,20,77.76244206190562,1.2191999999999998
645,1.0233679899294084,-121.66864471798512,0,0.85,True,20,77.76244206190562,0.7619999999999999
646,1.021900848386112,-121.73337299346626,0,0.85,True,20,77.76244206190562,0.8534399999999999
692,0.9971358234482476,-4.507812566738745,0,0.85,True,20,77.76244206190562,1.2192003047999997
675,0.9919149999698871,-4.730217545692759,0,0.85,True,20,77.76244206190562,1.3716003047999998
611,0.9819717949873199,116.29333705866547,0,0.85,True,20,77.76244206190562,1.4020799999999998
652,0.9906732050525269,-4.4597808632805975,0,0.85,True,20,77.76244206190562,1.5544799999999999
670,1.0142487930707387,-2.9118628419982637,0,0.85,True,20,77.76244206190562,0.8129015999999999
632,1.0225038234959978,-2.136138220600202,0,0.85,True,20,77.76244206190562,0.6095999999999999
680,0.9971358440267334,-4.507812991579617,0,0.85,True,20,77.76244206190562,1.5239999999999998
684,0.9954557259874477,-4.523280254838577,0,0.85,True,20,77.76244206190562,1.3106399999999998
sourcebus,1.000016267725198,29.994371818650468,0,0.75,True,21,59.22498634776348,
650,0.9999746253999915,-0.00862323695069924,0,0.75,True,21,59.22498634776348,
rg60,1.0498874736324166,-0.010355406031830059,0,0.75,True,21,59.22498634776348,0.0
633,1.0190779495742828,-1.9503286220103613,0,0.75,True,21,59.22498634776348,0.7619999999999999
634,1.0012408934804087,-2.453185825045704,0,0.75,True,21,59.22498634776348,
671,0.9998467757607663,-3.9941060628137324,0,0.75,True,21,59.22498634776348,1.2191999999999998
645,1.0258951399159333,-121.48724364693025,0,0.75,True,21,59.22498634776348,0.7619999999999999
646,1.0245976288352394,-121.54428204217265,0,0.75,True,21,59.22498634776348,0.8534399999999999
692,0.9998467688681176,-3.9941060246357836,0,0.75,True,21,59.22498634776348,1.2192003047999997
675,0.9954159838348058,-4.20112196931983,0,0.75,True,21,59.22498634776348,1.3716003047999998
611,0.9888270243734161,116.63651329674565,0,0.75,True,21,59.22498634776348,1.4020799999999998
652,0.9941165009041302,-3.948390644782962,0,0.75,True,21,59.22498634776348,1.5544799999999999
670,1.014362353177835,-2.5881943597783863,0,0.75,True,21,59.22498634776348,0.8129015999999999
632,1.0213255444792166,-1.9021202545231655,0,0.75,True,21,59.22498634776348,0.6095999999999999
680,0.9998467885284331,-3.994106415015215,0,0.75,True,21,59.22498634776348,1.5239999999999998
684,0.9983509146108802,-4.00444200827765,0,0.75,True,21,59.22498634776348,1.3106399999999998
sourcebus,1.0000245477402725,29.994702847497557,0,0.7,True,22,50.78746608594196,
650,0.999986924976702,-0.008119776441612745,0,0.7,True,22,50.78746608594196,
rg60,1.0499074059615712,-0.009803795741836952,0,0.7,True,22,50.78746608594196,0.0
633,1.021842363896541,-1.8168742143439147,0,0.7,True,22,50.78746608594196,0.7619999999999999
634,1.0052636999570972,-2.2830646373896535,0,0.7,True,22,50.78746608594196,
671,1.0044614148160729,-3.7132474093115966,0,0.7,True,22,50.78746608594196,1.2191999999999998
645,1.02709065178425,-121.3977235616201,0,0.7,True,22,50.78746608594196,0.7619999999999999
646,1.0258773523418638,-121.45107737018863,0,0.7,True,22,50.78746608594196,0.8534399999999999
692,1.0044614084140977,-3.7132473886432127,0,0.7,True,22,50.78746608594196,1.2192003047999997
675,1.0004497559849148,-3.912057530394744,0,0.7,True,22,50.78746608594196,1.3716003047999998
611,0.9956584938331111,116.81733726611353,0,0.7,True,22,50.78746608594196,1.4020799999999998
652,0.9990802068629483,-3.6686496560980797,0,0.7,True,22,50.78746608594196,1.5544799999999999
670,1.0176333709438081,-2.4095934798665484,0,0.7,True,22,50.78746608594196,0.8129015999999999
632,1.0239313128087333,-1.7721754326316062,0,0.7,True,22,50.78746608594196,0.6095999999999999
680,1.004461427648224,-3.713247760117698,0,0.7,True,22,50.78746608594196,1.5239999999999998
684,1.0030519948900618,-3.7209738448948033,0,0.7,True,22,50.78746608594196,1.3106399999999998
sourcebus,1.0000326843622147,29.99504306019556,0,0.65,True,23,43.47524357944844,
650,0.9999989448266996,-0.007590710795329491,0,0.65,True,23,43.47524357944844,
rg60,1.043677426479967,-0.009212595803295092,0,0.65,True,23,43.47524357944844,0.0
633,1.0181310033746729,-1.7064755491260775,0,0.65,True,23,43.47524357944844,0.7619999999999999
634,1.0027008139931084,-2.142010184416821,0,0.65,True,23,43.47524357944844,
671,1.002458690661604,-3.477934676973489,0,0.65,True,23,43.47524357944844,1.2191999999999998
645,1.0283884382847681,-121.30702455952273,0,0.65,True,23,43.47524357944844,0.7619999999999999
646,1.027261438948739,-121.35639313355122,0,0.65,True,23,43.47524357944844,0.8534399999999999
692,1.0024586847095345,-3.477934671405514,0,0.65,True,23,43.47524357944844,1.2192003047999997
675,0.9988127997972661,-3.6698290455828775,0,0.65,True,23,43.47524357944844,1.3716003047999998
611,0.9955730066962606,116.98003991988085,0,0.65,True,23,43.47524357944844,1.4020799999999998
652,0.9974673910362167,-3.4345252719754753,0,0.65,True,23,43.47524357944844,1.5544799999999999
670,1.0143897584788741,-2.2607779950648506,0,0.65,True,23,43.47524357944844,0.8129015999999999
632,1.0200750678264936,-1.6644705511758024,0,0.65,True,23,43.47524357944844,0.6095999999999999
680,1.002458703457314,-3.47793502767425,0,0.65,True,23,43.47524357944844,1.5239999999999998
684,1.0011494612733995,-3.483120176620278,0,0.65,True,23,43.47524357944844,1.3106399999999998
sourcebus,1.0000516230129295,29.997268725441778,20,0.6,True,0,20.952829969472308,
650,1.0000249749599348,-0.0045302764138262135,20,0.6,True,0,20.952829969472308,
rg60,1.037477781252788,-0.005354666392543705,20,0.6,True,0,20.952829969472308,0.0
633,1.019539071916944,-1.0725034187443894,20,0.6,True,0,20.952829969472308,0.7619999999999999
634,1.005334735815158,-1.4729440994390333,20,0.6,True,0,20.952829969472308,
671,1.0083359609892983,-2.3728287175549556,20,0.6,True,0,20.952829969472308,1.2191999999999998
645,1.0243645256765277,-120.73086460444529,20,0.6,True,0,20.952829969472308,0.7619999999999999
646,1.0233269198878094,-120.7766502463695,20,0.6,True,0,20.952829969472308,0.8534399999999999
692,1.0083359575184483,-2.3728287299887825,20,0.6,True,0,20.952829969472308,1.2192003047999997
675,1.005631347970712,-2.534815966822381,20,0.6,True,0,20.952829969472308,1.3716003047999998
611,1.0027709440147217,118.05051034812975,20,0.6,True,0,20.952829969472308,1.4020799999999998
652,1.0036926575158225,-2.330515307960211,20,0.6,True,0,20.952829969472308,1.5544799999999999
670,1.0168882384325781,-1.5005548896383185,20,0.6,True,0,20.952829969472308,0.8129015999999999
632,1.02083826246341,-1.0716474630085688,20,0.6,True,0,20.952829969472308,0.6095999999999999
680,1.0083359738796673,-2.3728290661216485,20,0.6,True,0,20.952829969472308,1.5239999999999998
684,1.0071126378271102,-2.375378817239444,20,0.6,True,0,20.952829969472308,1.3106399999999998
sourcebus,1.0000593717359696,29.99760931541037,20,0.55,True,1,16.355264332499253,
650,1.0000363482940522,-0.0040212095368936185,20,0.55,True,1,16.355264332499253,
rg60,1.0374961612175417,-0.004785115914115034,20,0.55,True,1,16.355264332499253,0.0
633,1.0221626320503994,-0.9412154982615806,20,0.55,True,1,16.355264332499253,0.7619999999999999
634,1.0091936736326272,-1.305947067557099,20,0.55,True,1,16.355264332499253,
671,1.0127575694790028,-2.101623340530227,20,0.55,True,1,16.355264332499253,1.2191999999999998
645,1.0255552010842321,-120.6407757242176,20,0.55,True,1,16.355264332499253,0.7619999999999999
646,1.0246022952010683,-120.68283289081197,20,0.55,True,1,16.355264332499253,0.8534399999999999
692,1.0127575664769533,-2.1016233697649644,20,0.55,True,1,16.355264332499253,1.2192003047999997
675,1.010457483746787,-2.2561073503728784,20,0.55,True,1,16.355264332499253,1.3716003047999998
611,1.0093394763751724,118.22438596498704,20,0.55,True,1,16.355264332499253,1.4020799999999998
652,1.0084747374148493,-2.060433293698027,20,0.55,True,1,16.355264332499253,1.5544799999999999
670,1.0199956825801206,-1.3257389022000403,20,0.55,True,1,16.355264332499253,0.8129015999999999
632,1.023306838840064,-0.9435756800470193,20,0.55,True,1,16.355264332499253,0.6095999999999999
680,1.0127575824314268,-2.101623687793968,20,0.55,True,1,16.355264332499253,1.5239999999999998
684,1.0116245882637298,-2.101563294636422,20,0.55,True,1,16.355264332499253,1.3106399999999998
sourcebus,1.0000667370142782,29.997962044196157,20,0.5,True,2,12.54695238604974,
650,1.000047251662162,-0.00349401028083252,20,0.5,True,2,12.54695238604974,
rg60,1.0312638654846804,-0.004185795281229841,20,0.5,True,2,12.54695238604974,0.0
633,1.0183951712645714,-0.8177801866658457,20,0.5,True,2,12.54695238604974,0.7619999999999999
634,1.0065760258628624,-1.151449896184784,20,0.5,True,2,12.54695238604974,
671,1.0106962998701505,-1.8500094864050876,20,0.5,True,2,12.54695238604974,1.2191999999999998
645,1.0203877181761765,-120.55260240286142,20,0.5,True,2,12.54695238604974,0.7619999999999999
646,1.019525208789059,-120.59091045104599,20,0.5,True,2,12.54695238604974,0.8534399999999999
692,1.0106962973183642,-1.850009530616883,20,0.5,True,2,12.54695238604974,1.2192003047999997
675,1.0087673996518884,-1.9977612845531572,20,0.5,True,2,12.54695238604974,1.3716003047999998
611,1.0091791778320003,118.3893821940568,20,0.5,True,2,12.54695238604974,1.4020799999999998
652,1.0068057737124498,-1.810002678443718,20,0.5,True,2,12.54695238604974,1.5544799999999999
670,1.016686457544408,-1.1625173782592175,20,0.5,True,2,12.54695238604974,0.8129015999999999
632,1.0193921534483676,-0.8233857155522113,20,0.5,True,2,12.54695238604974,0.6095999999999999
680,1.010696312801717,-1.8500098324922334,20,0.5,True,2,12.54695238604974,1.5239999999999998
684,1.009664466144835,-1.8473970563024522,20,0.5,True,2,12.54695238604974,1.3106399999999998
sourcebus,1.0000667370142782,29.997962044196157,20,0.5,True,3,12.54695238604974,
650,1.000047251662162,-0.00349401028083252,20,0.5,True,3,12.54695238604974,
rg60,1.0312638654846804,-0.004185795281229841,20,0.5,True,3,12.54695238604974,0.0
633,1.0183951712645714,-0.8177801866658457,20,0.5,True,3,12.54695238604974,0.7619999999999999
634,1.0065760258628624,-1.151449896184784,20,0.5,True,3,12.54695238604974,
671,1.0106962998701505,-1.8500094864050876,20,0.5,True,3,12.54695238604974,1.2191999999999998
645,1.0203877181761765,-120.55260240286142,20,0.5,True,3,12.54695238604974,0.7619999999999999
646,1.019525208789059,-120.59091045104599,20,0.5,True,3,12.54695238604974,0.8534399999999999
692,1.0106962973183642,-1.850009530616883,20,0.5,True,3,12.54695238604974,1.2192003047999997
675,1.0087673996518884,-1.9977612845531572,20,0.5,True,3,12.54695238604974,1.3716003047999998
611,1.0091791778320003,118.3893821940568,20,0.5,True,3,12.54695238604974,1.4020799999999998
652,1.0068057737124498,-1.810002678443718,20,0.5,True,3,12.54695238604974,1.5544799999999999
670,1.016686457544408,-1.1625173782592175,20,0.5,True,3,12.54695238604974,0.8129015999999999
632,1.0193921534483676,-0.8233857155522113,20,0.5,True,3,12.54695238604974,0.6095999999999999
680,1.010696312801717,-1.8500098324922334,20,0.5,True,3,12.54695238604974,1.5239999999999998
684,1.009664466144835,-1.8473970563024522,20,0.5,True,3,12.54695238604974,1.3106399999999998
sourcebus,1.0000593717359696,29.99760931541037,20,0.55,True,4,16.355264332499253,
650,1.0000363482940522,-0.0040212095368936185,20,0.55,True,4,16.355264332499253,
rg60,1.0374961612175417,-0.004785115914115034,20,0.55,True,4,16.355264332499253,0.0
633,1.0221626320503994,-0.9412154982615806,20,0.55,True,4,16.355264332499253,0.7619999999999999
634,1.0091936736326272,-1.305947067557099,20,0.55,True,4,16.355264332499253,
671,1.0127575694790028,-2.101623340530227,20,0.55,True,4,16.355264332499253,1.2191999999999998
645,1.0255552010842321,-120.6407757242176,20,0.55,True,4,16.355264332499253,0.7619999999999999
646,1.0246022952010683,-120.68283289081197,20,0.55,True,4,16.355264332499253,0.8534399999999999
692,1.0127575664769533,-2.1016233697649644,20,0.55,True,4,16.355264332499253,1.2192003047999997
675,1.010457483746787,-2.2561073503728784,20,0.55,True,4,16.355264332499253,1.3716003047999998
611,1.0093394763751724,118.22438596498704,20,0.55,True,4,16.355264332499253,1.4020799999999998
652,1.0084747374148493,-2.060433293698027,20,0.55,True,4,16.355264332499253,1.5544799999999999
670,1.0199956825801206,-1.3257389022000403,20,0.55,True,4,16.355264332499253,0.8129015999999999
632,1.023306838840064,-0.9435756800470193,20,0.55,True,4,16.355264332499253,0.6095999999999999
680,1.0127575824314268,-2.101623687793968,20,0.55,True,4,16.355264332499253,1.5239999999999998
684,1.0116245882637298,-2.101563294636422,20,0.55,True,4,16.355264332499253,1.3106399999999998
sourcebus,1.000043827467239,29.996923444653305,20,0.65,True,5,26.055927527070732,
650,1.000013536339889,-0.005060646548930934,20,0.65,True,5,26.055927527070732,
rg60,1.0437090158554756,-0.005953934640324784,20,0.65,True,5,26.055927527070732,0.0
633,1.0233267222892297,-1.19029863385746,20,0.65,True,5,26.055927527070732,0.7619999999999999
634,1.007976129571382,-1.6213951396992752,20,0.65,True,5,26.055927527070732,
671,1.0104500396130631,-2.6175152067205785,20,0.65,True,5,26.055927527070732,1.2191999999999998
645,1.0230928686165934,-120.82025610218722,20,0.65,True,5,26.055927527070732,0.7619999999999999
646,1.0219690308661202,-120.87003009767301,20,0.65,True,5,26.055927527070732,0.8534399999999999
692,1.0104500356916455,-2.6175152042136856,20,0.65,True,5,26.055927527070732,1.2192003047999997
675,1.0073815203933383,-2.786467512285696,20,0.65,True,5,26.055927527070732,1.3716003047999998
611,1.0028822902924888,117.88005303073076,20,0.65,True,5,26.055927527070732,1.4020799999999998
652,1.005414239816397,-2.5740140042825144,20,0.65,True,5,26.055927527070732,1.5544799999999999
670,1.020224373249561,-1.6575182638247643,20,0.65,True,5,26.055927527070732,0.8129015999999999
632,1.0247712052063576,-1.1863724978130987,20,0.65,True,5,26.055927527070732,0.6095999999999999
680,1.0104500525420224,-2.6175155554251925,20,0.65,True,5,26.055927527070732,1.5239999999999998
684,1.009125645203416,-2.6226089089273206,20,0.65,True,5,26.055927527070732,1.3106399999999998
sourcebus,1.000020131435058,29.9959033802021,20,0.8,True,6,45.732114101548504,
650,0.9999783794703695,-0.0065944324501231435,20,0.8,True,6,45.732114101548504,
rg60,1.0499013980791103,-0.007659492025259046,20,0.8,True,6,45.732114101548504,0.0
633,1.021662616380641,-1.5695177682211778,20,0.8,True,6,45.732114101548504,0.7619999999999999
634,1.002662794285389,-2.1037275114689256,20,0.8,True,6,45.732114101548504,
671,1.003426682091738,-3.4083781292034026,20,0.8,True,6,45.732114101548504,1.2191999999999998
645,1.0258726643778464,-121.08625648120902,20,0.8,True,6,45.732114101548504,0.7619999999999999
646,1.0244887383976173,-121.14713927732565,20,0.8,True,6,45.732114101548504,0.8534399999999999
692,1.003426676763272,-3.4083780771851986,20,0.8,True,6,45.732114101548504,1.2192003047999997
675,0.9991627640480226,-3.5997435589824454,20,0.8,True,6,45.732114101548504,1.3716003047999998
611,0.9896476100669711,117.3713019923566,20,0.8,True,6,45.732114101548504,1.4020799999999998
652,0.9972955589612981,-3.361413425460891,20,0.8,True,6,45.732114101548504,1.5544799999999999
670,1.017105426408159,-2.163639446574221,20,0.8,True,6,45.732114101548504,0.8129015999999999
632,1.0235679115168035,-1.555928537227825,20,0.8,True,6,45.732114101548504,0.6095999999999999
680,1.0034266949142292,-3.408378481758107,20,0.8,True,6,45.732114101548504,1.5239999999999998
684,1.0018267795847142,-3.421189855957381,20,0.8,True,6,45.732114101548504,1.3106399999999998
sourcebus,1.000003714650408,29.99523430759173,20,0.9,True,7,62.240960958822164,
650,0.9999539700567855,-0.007622303816631357,20,0.9,True,7,62.240960958822164,
rg60,1.0561109294835784,-0.008795330549521013,20,0.9,True,7,62.240960958822164,0.0
633,1.0226263258150183,-1.8114634325136088,20,0.9,True,7,62.240960958822164,0.7619999999999999
634,1.001210951056981,-2.4128489843943757,20,0.9,True,7,62.240960958822164,
671,1.000847927502268,-3.921359714292954,20,0.9,True,7,62.240960958822164,1.2191999999999998
645,1.0233630245076097,-121.26705831346978,20,0.9,True,7,62.240960958822164,0.7619999999999999
646,1.0218095788722572,-121.3356439523743,20,0.9,True,7,62.240960958822164,0.8534399999999999
692,1.0008479212334498,-3.9213596295107638,20,0.9,True,7,62.240960958822164,1.2192003047999997
675,0.9957988935242306,-4.127901592140113,20,0.9,True,7,62.240960958822164,1.3716003047999998
611,0.9829132199199743,117.02916566262697,20,0.9,True,7,62.240960958822164,1.4020799999999998
652,0.9939823758366713,-3.8720560074125463,20,0.9,True,7,62.240960958822164,1.5544799999999999
670,1.017100591652584,-2.488527902988651,20,0.9,True,7,62.240960958822164,0.8129015999999999
632,1.0248361229696683,-1.7916552461734259,20,0.9,True,7,62.240960958822164,0.6095999999999999
680,1.0008479402973651,-3.921360068326261,20,0.9,True,7,62.240960958822164,1.5239999999999998
684,0.9990632051241175,-3.9392762558456753,20,0.9,True,7,62.240960958822164,1.3106399999999998
sourcebus,0.9999953692842295,29.994905676368504,20,0.95,True,8,71.83473993570894,
650,0.9999415333458707,-0.008120719803365619,20,0.95,True,8,71.83473993570894,
rg60,1.0560906900980556,-0.009338200810459434,20,0.95,True,8,71.83473993570894,0.0
633,1.019827103011056,-1.942621766612555,20,0.95,True,8,71.83473993570894,0.7619999999999999
634,0.9971257386742058,-2.5817659827845714,20,0.95,True,8,71.83473993570894,
671,0.9961861884656159,-4.200444711561837,20,0.95,True,8,71.83473993570894,1.2191999999999998
645,1.0221459281659777,-121.35805419916996,20,0.95,True,8,71.83473993570894,0.7619999999999999
646,1.020509384210377,-121.43029181300112,20,0.95,True,8,71.83473993570894,0.8534399999999999
692,0.9961861817035342,-4.200444608655663,20,0.95,True,8,71.83473993570894,1.2192003047999997
675,0.9907118486566937,-4.415350216950357,20,0.95,True,8,71.83473993570894,1.3716003047999998
611,0.9760511760183294,116.85158124735693,20,0.95,True,8,71.83473993570894,1.4020799999999998
652,0.9889826998251426,-4.150011982601827,20,0.95,True,8,71.83473993570894,1.5544799999999999
670,1.0137913436814454,-2.6648628527378055,20,0.95,True,8,71.83473993570894,0.8129015999999999
632,1.0221982576423785,-1.9194595565247863,20,0.95,True,8,71.83473993570894,0.6095999999999999
680,0.9961862011955158,-4.200445066993022,20,0.95,True,8,71.83473993570894,1.5239999999999998
684,0.9943188900706139,-4.2209509854757945,20,0.95,True,8,71.83473993570894,1.3106399999999998
sourcebus,0.9999869342989613,29.99457896421254,20,1.0,True,9,82.22225506177762,
650,0.9999289393125101,-0.008617168506226482,20,1.0,True,9,82.22225506177762,
rg60,1.0560702265067063,-0.009876515261356661,20,1.0,True,9,82.22225506177762,0.0
633,1.0169950376366181,-2.0744953002597866,20,1.0,True,9,82.22225506177762,0.7619999999999999
634,0.9929956573569014,-2.7519541609594373,20,1.0,True,9,82.22225506177762,
671,0.9914787731329278,-4.482289483670928,20,1.0,True,9,82.22225506177762,1.2191999999999998
645,1.020925306840931,-121.44927863644826,20,1.0,True,9,82.22225506177762,0.7619999999999999
646,1.0192060231843094,-121.52514925491882,20,1.0,True,9,82.22225506177762,0.8534399999999999
692,0.991478765872301,-4.482289362335159,20,1.0,True,9,82.22225506177762,1.2192003047999997
675,0.985574495814704,-4.705752747758717,20,1.0,True,9,82.22225506177762,1.3716003047999998
611,0.9691280887891761,116.67261651986695,20,1.0,True,9,82.22225506177762,1.4020799999999998
652,0.9839420021325904,-4.430728782209257,20,1.0,True,9,82.22225506177762,1.5544799999999999
670,1.0104445751022888,-2.8424008259525304,20,1.0,True,9,82.22225506177762,0.8129015999999999
632,1.019529061534044,-2.047931665401871,20,1.0,True,9,82.22225506177762,0.6095999999999999
680,0.9914787857970633,-4.482289840526573,20,1.0,True,9,82.22225506177762,1.5239999999999998
684,0.9895304842282496,-4.505384438839881,20,1.0,True,9,82.22225506177762,1.3106399999999998
sourcebus,0.9999869342989613,29.99457896421254,20,1.0,True,10,82.22225506177762,
650,0.9999289393125101,-0.008617168506226482,20,1.0,True,10,82.22225506177762,
rg60,1.0560702265067063,-0.009876515261356661,20,1.0,True,10,82.22225506177762,0.0
633,1.0169950376366181,-2.0744953002597866,20,1.0,True,10,82.22225506177762,0.7619999999999999
634,0.9929956573569014,-2.7519541609594373,20,1.0,True,10,82.22225506177762,
671,0.9914787731329278,-4.482289483670928,20,1.0,True,10,82.22225506177762,1.2191999999999998
645,1.020925306840931,-121.44927863644826,20,1.0,True,10,82.22225506177762,0.7619999999999999
646,1.0192060231843094,-121.52514925491882,20,1.0,True,10,82.22225506177762,0.8534399999999999
692,0.991478765872301,-4.482289362335159,20,1.0,True,10,82.22225506177762,1.2192003047999997
675,0.985574495814704,-4.705752747758717,20,1.0,True,10,82.22225506177762,1.3716003047999998
611,0.9691280887891761,116.67261651986695,20,1.0,True,10,82.22225506177762,1.4020799999999998
652,0.9839420021325904,-4.430728782209257,20,1.0,True,10,82.22225506177762,1.5544799999999999
670,1.0104445751022888,-2.8424008259525304,20,1.0,True,10,82.22225506177762,0.8129015999999999
632,1.019529061534044,-2.047931665401871,20,1.0,True,10,82.22225506177762,0.6095999999999999
680,0.9914787857970633,-4.482289840526573,20,1.0,True,10,82.22225506177762,1.5239999999999998
684,0.9895304842282496,-4.505384438839881,20,1.0,True,10,82.22225506177762,1.3106399999999998
sourcebus,0.9999953692842295,29.994905676368504,20,0.95,True,11,71.83473993570894,
650,0.9999415333458707,-0.008120719803365619,20,0.95,True,11,71.83473993570894,
rg60,1.0560906900980556,-0.009338200810459434,20,0.95,True,11,71.83473993570894,0.0
633,1.019827103011056,-1.942621766612555,20,0.95,True,11,71.83473993570894,0.7619999999999999
634,0.9971257386742058,-2.5817659827845714,20,0.95,True,11,71.83473993570894,
671,0.9961861884656159,-4.200444711561837,20,0.95,True,11,71.83473993570894,1.2191999999999998
645,1.0221459281659777,-121.35805419916996,20,0.95,True,11,71.83473993570894,0.7619999999999999
646,1.020509384210377,-121.43029181300112,20,0.95,True,11,71.83473993570894,0.8534399999999999
692,0.9961861817035342,-4.200444608655663,20,0.95,True,11,71.83473993570894,1.2192003047999997
675,0.9907118486566937,-4.415350216950357,20,0.95,True,11,71.83473993570894,1.3716003047999998
611,0.9760511760183294,116.85158124735693,20,0.95,True,11,71.83473993570894,1.4020799999999998
652,0.9889826998251426,-4.150011982601827,20,0.95,True,11,71.83473993570894,1.5544799999999999
670,1.0137913436814454,-2.6648628527378055,20,0.95,True,11,71.83473993570894,0.8129015999999999
632,1.0221982576423785,-1.9194595565247863,20,0.95,True,11,71.83473993570894,0.6095999999999999
680,0.9961862011955158,-4.200445066993022,20,0.95,True,11,71.83473993570894,1.5239999999999998
684,0.9943188900706139,-4.2209509854757945,20,0.95,True,11,71.83473993570894,1.3106399999999998
sourcebus,1.000003714650408,29.99523430759173,20,0.9,True,12,62.240960958822164,
650,0.9999539700567855,-0.007622303816631357,20,0.9,True,12,62.240960958822164,
rg60,1.0561109294835784,-0.008795330549521013,20,0.9,True,12,62.240960958822164,0.0
633,1.0226263258150183,-1.8114634325136088,20,0.9,True,12,62.240960958822164,0.7619999999999999
634,1.001210951056981,-2.4128489843943757,20,0.9,True,12,62.240960958822164,
671,1.000847927502268,-3.921359714292954,20,0.9,True,12,62.240960958822164,1.2191999999999998
645,1.0233630245076097,-121.26705831346978,20,0.9,True,12,62.240960958822164,0.7619999999999999
646,1.0218095788722572,-121.3356439523743,20,0.9,True,12,62.240960958822164,0.8534399999999999
692,1.0008479212334498,-3.9213596295107638,20,0.9,True,12,62.240960958822164,1.2192003047999997
675,0.9957988935242306,-4.127901592140113,20,0.9,True,12,62.240960958822164,1.3716003047999998
611,0.9829132199199743,117.02916566262697,20,0.9,True,12,62.240960958822164,1.4020799999999998
652,0.9939823758366713,-3.8720560074125463,20,0.9,True,12,62.240960958822164,1.5544799999999999
670,1.017100591652584,-2.488527902988651,20,0.9,True,12,62.240960958822164,0.8129015999999999
632,1.0248361229696683,-1.7916552461734259,20,0.9,True,12,62.240960958822164,0.6095999999999999
680,1.0008479402973651,-3.921360068326261,20,0.9,True,12,62.240960958822164,1.5239999999999998
684,0.9990632051241175,-3.9392762558456753,20,0.9,True,12,62.240960958822164,1.3106399999999998
sourcebus,1.000003714650408,29.99523430759173,20,0.9,True,13,62.240960958822164,
650,0.9999539700567855,-0.007622303816631357,20,0.9,True,13,62.240960958822164,
rg60,1.0561109294835784,-0.008795330549521013,20,0.9,True,13,62.240960958822164,0.0
633,1.0226263258150183,-1.8114634325136088,20,0.9,True,13,62.240960958822164,0.7619999999999999
634,1.001210951056981,-2.4128489843943757,20,0.9,True,13,62.240960958822164,
671,1.000847927502268,-3.921359714292954,20,0.9,True,13,62.240960958822164,1.2191999999999998
645,1.0233630245076097,-121.26705831346978,20,0.9,True,13,62.240960958822164,0.7619999999999999
646,1.0218095788722572,-121.3356439523743,20,0.9,True,13,62.240960958822164,0.8534399999999999
692,1.0008479212334498,-3.9213596295107638,20,0.9,True,13,62.240960958822164,1.2192003047999997
675,0.9957988935242306,-4.127901592140113,20,0.9,True,13,62.240960958822164,1.3716003047999998
611,0.9829132199199743,117.02916566262697,20,0.9,True,13,62.240960958822164,1.4020799999999998
652,0.9939823758366713,-3.8720560074125463,20,0.9,True,13,62.240960958822164,1.5544799999999999
670,1.017100591652584,-2.488527902988651,20,0.9,True,13,62.240960958822164,0.8129015999999999
632,1.0248361229696683,-1.7916552461734259,20,0.9,True,13,62.240960958822164,0.6095999999999999
680,1.0008479402973651,-3.921360068326261,20,0.9,True,13,62.240960958822164,1.5239999999999998
684,0.9990632051241175,-3.9392762558456753,20,0.9,True,13,62.240960958822164,1.3106399999999998
sourcebus,0.9999953692842295,29.994905676368504,20,0.95,True,14,71.83473993570894,
650,0.9999415333458707,-0.008120719803365619,20,0.95,True,14,71.83473993570894,
rg60,1.0560906900980556,-0.009338200810459434,20,0.95,True,14,71.83473993570894,0.0
633,1.019827103011056,-1.942621766612555,20,0.95,True,14,71.83473993570894,0.7619999999999999
634,0.9971257386742058,-2.5817659827845714,20,0.95,True,14,71.83473993570894,
671,0.9961861884656159,-4.200444711561837,20,0.95,True,14,71.83473993570894,1.2191999999999998
645,1.0221459281659777,-121.35805419916996,20,0.95,True,14,71.83473993570894,0.7619999999999999
646,1.020509384210377,-121.43029181300112,20,0.95,True,14,71.83473993570894,0.8534399999999999
692,0.9961861817035342,-4.200444608655663,20,0.95,True,14,71.83473993570894,1.2192003047999997
675,0.9907118486566937,-4.415350216950357,20,0.95,True,14,71.83473993570894,1.3716003047999998
611,0.9760511760183294,116.85158124735693,20,0.95,True,14,71.83473993570894,1.4020799999999998
652,0.9889826998251426,-4.150011982601827,20,0.95,True,14,71.83473993570894,1.5544799999999999
670,1.0137913436814454,-2.6648628527378055,20,0.95,True,14,71.83473993570894,0.8129015999999999
632,1.0221982576423785,-1.9194595565247863,20,0.95,True,14,71.83473993570894,0.6095999999999999
680,0.9961862011955158,-4.200445066993022,20,0.95,True,14,71.83473993570894,1.5239999999999998
684,0.9943188900706139,-4.2209509854757945,20,0.95,True,14,71.83473993570894,1.3106399999999998
sourcebus,0.9999869342989613,29.99457896421254,20,1.0,True,15,82.22225506177762,
650,0.9999289393125101,-0.008617168506226482,20,1.0,True,15,82.22225506177762,
rg60,1.0560702265067063,-0.009876515261356661,20,1.0,True,15,82.22225506177762,0.0
633,1.0169950376366181,-2.0744953002597866,20,1.0,True,15,82.22225506177762,0.7619999999999999
634,0.9929956573569014,-2.7519541609594373,20,1.0,True,15,82.22225506177762,
671,0.9914787731329278,-4.482289483670928,20,1.0,True,15,82.22225506177762,1.2191999999999998
645,1.020925306840931,-121.44927863644826,20,1.0,True,15,82.22225506177762,0.7619999999999999
646,1.0192060231843094,-121.52514925491882,20,1.0,True,15,82.22225506177762,0.8534399999999999
692,0.991478765872301,-4.482289362335159,20,1.0,True,15,82.22225506177762,1.2192003047999997
675,0.985574495814704,-4.705752747758717,20,1.0,True,15,82.22225506177762,1.3716003047999998
611,0.9691280887891761,116.67261651986695,20,1.0,True,15,82.22225506177762,1.4020799999999998
652,0.9839420021325904,-4.430728782209257,20,1.0,True,15,82.22225506177762,1.5544799999999999
670,1.0104445751022888,-2.8424008259525304,20,1.0,True,15,82.22225506177762,0.8129015999999999
632,1.019529061534044,-2.047931665401871,20,1.0,True,15,82.22225506177762,0.6095999999999999
680,0.9914787857970633,-4.482289840526573,20,1.0,True,15,82.22225506177762,1.5239999999999998
684,0.9895304842282496,-4.505384438839881,20,1.0,True,15,82.22225506177762,1.3106399999999998
sourcebus,0.999978397500841,29.99425415105364,20,1.05,True,16,93.43343760704269,
650,0.9999161662930044,-0.009112092511334114,20,1.05,True,16,93.43343760704269,
rg60,1.056049503833613,-0.010410666319476321,20,1.05,True,16,93.43343760704269,0.0
633,1.0141238065331115,-2.2073833821519298,20,1.05,True,16,93.43343760704269,0.7619999999999999
634,0.9888114814208208,-2.923806023498079,20,1.05,True,16,93.43343760704269,
671,0.9867154716224444,-4.767491153205435,20,1.05,True,16,93.43343760704269,1.2191999999999998
645,1.0197044409677662,-121.54075625542472,20,1.05,True,16,93.43343760704269,0.7619999999999999
646,1.017902778659473,-121.62023999499922,20,1.05,True,16,93.43343760704269,0.8534399999999999
692,0.9867154638568362,-4.767491013086452,20,1.05,True,16,93.43343760704269,1.2192003047999997
675,0.980375397931698,-4.999727357392559,20,1.05,True,16,93.43343760704269,1.3716003047999998
611,0.9621345450691721,116.49223483115516,20,1.05,True,16,93.43343760704269,1.4020799999999998
652,0.9788502525762315,-4.714803841605128,20,1.05,True,16,93.43343760704269,1.5544799999999999
670,1.0070528853869525,-3.021525771209153,20,1.05,True,16,93.43343760704269,0.8129015999999999
632,1.0168226023910756,-2.177360211580008,20,1.05,True,16,93.43343760704269,0.6095999999999999
680,0.986715484220088,-4.767491511516519,20,1.05,True,16,93.43343760704269,1.5239999999999998
684,0.9846878625725647,-4.793174053056459,20,1.05,True,16,93.43343760704269,1.3106399999999998
sourcebus,0.9999700783497272,29.993918031293212,20,1.1,True,17,105.2742360713972,
650,0.9999035873789196,-0.009600936687458279,20,1.1,True,17,105.2742360713972,
rg60,1.0560290413890567,-0.010934737706137777,20,1.1,True,17,105.2742360713972,0.0
633,1.0112041023440401,-2.34542390617335,20,1.1,True,17,105.2742360713972,0.7619999999999999
634,0.9845706616688699,-3.1012890475479966,20,1.1,True,17,105.2742360713972,
671,0.9818793308072028,-5.05938645852831,20,1.1,True,17,105.2742360713972,1.2191999999999998
645,1.0250202280276965,-121.621250113651,20,1.1,True,17,105.2742360713972,0.7619999999999999
646,1.0231276410729317,-121.70386549847534,20,1.1,True,17,105.2742360713972,0.8534399999999999
692,0.9818793225323857,-5.059386299349569,20,1.1,True,17,105.2742360713972,1.2192003047999997
675,0.9750931048721381,-5.300392172977503,20,1.1,True,17,105.2742360713972,1.3716003047999998
611,0.9551062774316992,116.32127560969829,20,1.1,True,17,105.2742360713972,1.4020799999999998
652,0.9736905997885318,-5.005557864487433,20,1.1,True,17,105.2742360713972,1.5544799999999999
670,1.0036056589992388,-3.206098873253916,20,1.1,True,17,105.2742360713972,0.8129015999999999
632,1.0140701006466355,-2.311585228723147,20,1.1,True,17,105.2742360713972,0.6095999999999999
680,0.9818793433212669,-5.0593868194619205,20,1.1,True,17,105.2742360713972,1.5239999999999998
684,0.9797740248793099,-5.087640533569849,20,1.1,True,17,105.2742360713972,1.3106399999999998
sourcebus,0.999978397500841,29.99425415105364,20,1.05,True,18,93.43343760704269,
650,0.9999161662930044,-0.009112092511334114,20,1.05,True,18,93.43343760704269,
rg60,1.056049503833613,-0.010410666319476321,20,1.05,True,18,93.43343760704269,0.0
633,1.0141238065331115,-2.2073833821519298,20,1.05,True,18,93.43343760704269,0.7619999999999999
634,0.9888114814208208,-2.923806023498079,20,1.05,True,18,93.43343760704269,
671,0.9867154716224444,-4.767491153205435,20,1.05,True,18,93.43343760704269,1.2191999999999998
645,1.0197044409677662,-121.54075625542472,20,1.05,True,18,93.43343760704269,0.7619999999999999
646,1.017902778659473,-121.62023999499922,20,1.05,True,18,93.43343760704269,0.8534399999999999
692,0.9867154638568362,-4.767491013086452,20,1.05,True,18,93.43343760704269,1.2192003047999997
675,0.980375397931698,-4.999727357392559,20,1.05,True,18,93.43343760704269,1.3716003047999998
611,0.9621345450691721,116.49223483115516,20,1.05,True,18,93.43343760704269,1.4020799999999998
652,0.9788502525762315,-4.714803841605128,20,1.05,True,18,93.43343760704269,1.5544799999999999
670,1.0070528853869525,-3.021525771209153,20,1.05,True,18,93.43343760704269,0.8129015999999999
632,1.0168226023910756,-2.177360211580008,20,1.05,True,18,93.43343760704269,0.6095999999999999
680,0.986715484220088,-4.767491511516519,20,1.05,True,18,93.43343760704269,1.5239999999999998
684,0.9846878625725647,-4.793174053056459,20,1.05,True,18,93.43343760704269,1.3106399999999998
sourcebus,0.9999953692842295,29.994905676368504,20,0.95,True,19,71.83473993570894,
650,0.9999415333458707,-0.008120719803365619,20,0.95,True,19,71.83473993570894,
rg60,1.0560906900980556,-0.009338200810459434,20,0.95,True,19,71.83473993570894,0.0
633,1.019827103011056,-1.942621766612555,20,0.95,True,19,71.83473993570894,0.7619999999999999
634,0.9971257386742058,-2.5817659827845714,20,0.95,True,19,71.83473993570894,
671,0.9961861884656159,-4.200444711561837,20,0.95,True,19,71.83473993570894,1.2191999999999998
645,1.0221459281659777,-121.35805419916996,20,0.95,True,19,71.83473993570894,0.7619999999999999
646,1.020509384210377,-121.43029181300112,20,0.95,True,19,71.83473993570894,0.8534399999999999
692,0.9961861817035342,-4.200444608655663,20,0.95,True,19,71.83473993570894,1.2192003047999997
675,0.9907118486566937,-4.415350216950357,20,0.95,True,19,71.83473993570894,1.3716003047999998
611,0.9760511760183294,116.85158124735693,20,0.95,True,19,71.83473993570894,1.4020799999999998
652,0.9889826998251426,-4.150011982601827,20,0.95,True,19,71.83473993570894,1.5544799999999999
670,1.0137913436814454,-2.6648628527378055,20,0.95,True,19,71.83473993570894,0.8129015999999999
632,1.0221982576423785,-1.9194595565247863,20,0.95,True,19,71.83473993570894,0.6095999999999999
680,0.9961862011955158,-4.200445066993022,20,0.95,True,19,71.83473993570894,1.5239999999999998
684,0.9943188900706139,-4.2209509854757945,20,0.95,True,19,71.83473993570894,1.3106399999999998
sourcebus,1.0000118371991005,29.99556160956078,20,0.85,True,20,53.66134205551294,
650,0.9999662922800591,-0.007122127420094941,20,0.85,True,20,53.66134205551294,
rg60,1.056130905882489,-0.00824924763914496,20,0.85,True,20,53.66134205551294,0.0
633,1.0254268387539385,-1.6888930275104257,20,0.85,True,20,53.66134205551294,0.7619999999999999
634,1.005286993145367,-2.253005001304078,20,0.85,True,20,53.66134205551294,
671,1.0055081494561071,-3.6595684945018934,20,0.85,True,20,53.66134205551294,1.2191999999999998
645,1.0246243530580752,-121.17043213511676,20,0.85,True,20,53.66134205551294,0.7619999999999999
646,1.0231566232807399,-121.23497837127518,20,0.85,True,20,53.66134205551294,0.8534399999999999
692,1.0055081436722806,-3.6595684276447686,20,0.85,True,20,53.66134205551294,1.2192003047999997
675,1.000872176282358,-3.858561465757712,20,0.85,True,20,53.66134205551294,1.3716003047999998
611,0.9828668453987496,117.1886204407378,20,0.85,True,20,53.66134205551294,1.4020799999999998
652,0.998985115154954,-3.6115873989534406,20,0.85,True,20,53.66134205551294,1.5544799999999999
670,1.0204109735715559,-2.3234323969102983,20,0.85,True,20,53.66134205551294,0.8129015999999999
632,1.0274732885413544,-1.6721901552066842,20,0.85,True,20,53.66134205551294,0.6095999999999999
680,1.0055081623184725,-3.6595688480424804,20,0.85,True,20,53.66134205551294,1.5239999999999998
684,1.0038077622221568,-3.6750867905114206,20,0.85,True,20,53.66134205551294,1.3106399999999998
sourcebus,1.0000282131572695,29.996237567511777,20,0.75,True,21,38.36010375134693,
650,0.9999903456053146,-0.006091104182277701,20,0.75,True,21,38.36010375134693,
rg60,1.0499208466284584,-0.007104581922582311,20,0.75,True,21,38.36010375134693,0.0
633,1.0243797336440832,-1.4387733628839037,20,0.75,True,21,38.36010375134693,0.7619999999999999
634,1.0066403888412392,-1.9362983629217851,20,0.75,True,21,38.36010375134693,
671,1.0079748508023678,-3.133827006058073,20,0.75,True,21,38.36010375134693,1.2191999999999998
645,1.0270749735097158,-120.99601430197299,20,0.75,True,21,38.36010375134693,0.7619999999999999
646,1.025775069897319,-121.05321371073042,20,0.75,True,21,38.36010375134693,0.8534399999999999
692,1.0079748459552331,-3.133826971505886,20,0.75,True,21,38.36010375134693,1.2192003047999997
675,1.0041260049967713,-3.3172524912259425,20,0.75,True,21,38.36010375134693,1.3716003047999998
611,0.9963676257718023,117.54652706125748,20,0.75,True,21,38.36010375134693,1.4020799999999998
652,1.0021924051487137,-3.0879907435679597,20,0.75,True,21,38.36010375134693,1.5544799999999999
670,1.020320280102245,-1.9886167887758792,20,0.75,True,21,38.36010375134693,0.8129015999999999
632,1.0261268691770202,-1.4284646743899005,20,0.75,True,21,38.36010375134693,0.6095999999999999
680,1.0079748636885635,-3.1338273572609703,20,0.75,True,21,38.36010375134693,1.5239999999999998
684,1.0064612179622048,-3.144042107062648,20,0.75,True,21,38.36010375134693,1.3106399999999998
sourcebus,1.0000361753764782,29.996579756153732,20,0.7,True,22,31.985536190930006,
650,1.0000020957872116,-0.005562599724534253,20,0.7,True,22,31.985536190930006,
rg60,1.0436903968118862,-0.006511130250757331,20,0.7,True,22,31.985536190930006,0.0
633,1.0206134248635088,-1.3244398262803867,20,0.7,True,22,31.985536190930006,0.7619999999999999
634,1.0040142178895781,-1.7917676640200089,20,0.7,True,22,31.985536190930006,
671,1.0058861994344273,-2.8938068394442458,20,0.7,True,22,31.985536190930006,1.2191999999999998
645,1.0283574822350932,-120.90675012944921,20,0.7,True,22,31.985536190930006,0.7619999999999999
646,1.027143942353556,-120.95995020688062,20,0.7,True,22,31.985536190930006,0.8534399999999999
692,1.0058861950375493,-2.893806819782378,20,0.7,True,22,31.985536190930006,1.2192003047999997
675,1.0024001493905264,-3.070271274868175,20,0.7,True,22,31.985536190930006,1.3716003047999998
611,0.9962618179148758,117.7143595302412,20,0.7,True,22,31.985536190930006,1.4020799999999998
652,1.000496154280305,-2.849171342118163,20,0.7,True,22,31.985536190930006,1.5544799999999999
670,1.0170098408191093,-1.835675143717451,20,0.7,True,22,31.985536190930006,0.8129015999999999
632,1.022216026942022,-1.3171153238156756,20,0.7,True,22,31.985536190930006,0.6095999999999999
680,1.0058862122824808,-2.8938071905273923,20,0.7,True,22,31.985536190930006,1.5239999999999998
684,1.0044735713279527,-2.9014955309148847,20,0.7,True,22,31.985536190930006,1.3106399999999998
sourcebus,1.000043827467239,29.996923444653305,20,0.65,True,23,26.055927527070732,
650,1.000013536339889,-0.005060646548930934,20,0.65,True,23,26.055927527070732,
rg60,1.0437090158554756,-0.005953934640324784,20,0.65,True,23,26.055927527070732,0.0
633,1.0233267222892297,-1.19029863385746,20,0.65,True,23,26.055927527070732,0.7619999999999999
634,1.007976129571382,-1.6213951396992752,20,0.65,True,23,26.055927527070732,
671,1.0104500396130631,-2.6175152067205785,20,0.65,True,23,26.055927527070732,1.2191999999999998
645,1.0230928686165934,-120.82025610218722,20,0.65,True,23,26.055927527070732,0.7619999999999999
646,1.0219690308661202,-120.87003009767301,20,0.65,True,23,26.055927527070732,0.8534399999999999
692,1.0104500356916455,-2.6175152042136856,20,0.65,True,23,26.055927527070732,1.2192003047999997
675,1.0073815203933383,-2.786467512285696,20,0.65,True,23,26.055927527070732,1.3716003047999998
611,1.0028822902924888,117.88005303073076,20,0.65,True,23,26.055927527070732,1.4020799999999998
652,1.005414239816397,-2.5740140042825144,20,0.65,True,23,26.055927527070732,1.5544799999999999
670,1.020224373249561,-1.6575182638247643,20,0.65,True,23,26.055927527070732,0.8129015999999999
632,1.0247712052063576,-1.1863724978130987,20,0.65,True,23,26.055927527070732,0.6095999999999999
680,1.0104500525420224,-2.6175155554251925,20,0.65,True,23,26.055927527070732,1.5239999999999998
684,1.009125645203416,-2.6226089089273206,20,0.65,True,23,26.055927527070732,1.3106399999999998
sourcebus,1.000061308891619,29.999150137650375,40,0.6,True,0,11.710996822377659,
650,1.0000376902786816,-0.002006554590224235,40,0.6,True,0,11.710996822377659,
rg60,1.0375064168574566,-0.0020856952092313374,40,0.6,True,0,11.710996822377659,0.0
633,1.0245237989296752,-0.5719973663499359,40,0.6,True,0,11.710996822377659,0.7619999999999999
634,1.0103901589003568,-0.9685133257391617,40,0.6,True,0,11.710996822377659,
671,1.016055675130082,-1.5484263731938248,40,0.6,True,0,11.710996822377659,1.2191999999999998
645,1.019074593963616,-120.2233282365875,40,0.6,True,0,11.710996822377659,0.7619999999999999
646,1.018041608913856,-120.26921737023837,40,0.6,True,0,11.710996822377659,0.8534399999999999
692,1.016055673654335,-1.5484263883459257,40,0.6,True,0,11.710996822377659,1.2192003047999997
675,1.0139030064268666,-1.6889841900190397,40,0.6,True,0,11.710996822377659,1.3716003047999998
611,1.0027473493414174,118.950379897255,40,0.6,True,0,11.710996822377659,1.4020799999999998
652,1.0113728047996418,-1.506213521280322,40,0.6,True,0,11.710996822377659,1.5544799999999999
670,1.0224819684466342,-0.9183159741292939,40,0.6,True,0,11.710996822377659,0.8129015999999999
632,1.0253252492745621,-0.6082652569918247,40,0.6,True,0,11.710996822377659,0.6095999999999999
680,1.0160556881523126,-1.548426720864981,40,0.6,True,0,11.710996822377659,1.5239999999999998
684,1.0148189544290989,-1.5510770305595594,40,0.6,True,0,11.710996822377659,1.3106399999999998
sourcebus,1.0000688531381194,29.999503378662766,40,0.55,True,1,8.745221855081388,
650,1.0000485160198263,-0.0014770531721450381,40,0.55,True,1,8.745221855081388,
rg60,1.0312739845551677,-0.0014792499445180894,40,0.55,True,1,8.745221855081388,0.0
633,1.020690916570475,-0.43949297057422293,40,0.55,True,1,8.745221855081388,0.7619999999999999
634,1.007702700894985,-0.8052913860541987,40,0.55,True,1,8.745221855081388,
671,1.013892362460788,-1.2808052043382876,40,0.55,True,1,8.745221855081388,1.2191999999999998
645,1.0202429321404431,-120.13750627375565,40,0.55,True,1,8.745221855081388,0.7619999999999999
646,1.0192943287396519,-120.17965928316217,40,0.55,True,1,8.745221855081388,0.8534399999999999
692,1.0138923614399076,-1.280805234257764,40,0.55,True,1,8.745221855081388,1.2192003047999997
675,1.0121107612652211,-1.4139871056043825,40,0.55,True,1,8.745221855081388,1.3716003047999998
611,1.0092770052403013,119.12012631352455,40,0.55,True,1,8.745221855081388,1.4020799999999998
652,1.0096038340923639,-1.2396061774110776,40,0.55,True,1,8.745221855081388,1.5544799999999999
670,1.0190908673049541,-0.7439103336408959,40,0.55,True,1,8.745221855081388,0.8129015999999999
632,1.0213450321130748,-0.4794102329014726,40,0.55,True,1,8.745221855081388,0.6095999999999999
680,1.0138923754427804,-1.2808055509909833,40,0.55,True,1,8.745221855081388,1.5239999999999998
684,1.0127572115403713,-1.2807361783494682,40,0.55,True,1,8.745221855081388,1.3106399999999998
sourcebus,1.000076258646962,29.99984916132749,40,0.5,True,2,6.4326777427135005,
650,1.000059312820884,-0.0009659648012178674,40,0.5,True,2,6.4326777427135005,
rg60,1.031291437392983,-0.0009004720990292832,40,0.5,True,2,6.4326777427135005,0.0
633,1.023229766278855,-0.3103571574845082,40,0.5,True,2,6.4326777427135005,0.7619999999999999
634,1.0114679463207648,-0.6408442701357068,40,0.5,True,2,6.4326777427135005,
671,1.018198162129932,-1.016563866877713,40,0.5,True,2,6.4326777427135005,1.2191999999999998
645,1.0214360921226353,-120.0463516941678,40,0.5,True,2,6.4326777427135005,0.7619999999999999
646,1.020572121414764,-120.08474796413824,40,0.5,True,2,6.4326777427135005,0.8534399999999999
692,1.0181981615639275,-1.0165639132717068,40,0.5,True,2,6.4326777427135005,1.2192003047999997
675,1.0168128017076135,-1.1426653096732675,40,0.5,True,2,6.4326777427135005,1.3716003047999998
611,1.0156800172432876,119.28866465851186,40,0.5,True,2,6.4326777427135005,1.4020799999999998
652,1.0142751542123423,-0.9764954171390482,40,0.5,True,2,6.4326777427135005,1.5544799999999999
670,1.0220996917857228,-0.5723143100187376,40,0.5,True,2,6.4326777427135005,0.8129015999999999
632,1.0237307240851827,-0.3532493152944937,40,0.5,True,2,6.4326777427135005,0.6095999999999999
680,1.0181981751725762,-1.016564212291578,40,0.5,True,2,6.4326777427135005,1.5239999999999998
684,1.0171550549671937,-1.0138897949977852,40,0.5,True,2,6.4326777427135005,1.3106399999999998
sourcebus,1.000076258646962,29.99984916132749,40,0.5,True,3,6.4326777427135005,
650,1.000059312820884,-0.0009659648012178674,40,0.5,True,3,6.4326777427135005,
rg60,1.031291437392983,-0.0009004720990292832,40,0.5,True,3,6.4326777427135005,0.0
633,1.023229766278855,-0.3103571574845082,40,0.5,True,3,6.4326777427135005,0.7619999999999999
634,1.0114679463207648,-0.6408442701357068,40,0.5,True,3,6.4326777427135005,
671,1.018198162129932,-1.016563866877713,40,0.5,True,3,6.4326777427135005,1.2191999999999998
645,1.0214360921226353,-120.0463516941678,40,0.5,True,3,6.4326777427135005,0.7619999999999999
646,1.020572121414764,-120.08474796413824,40,0.5,True,3,6.4326777427135005,0.8534399999999999
692,1.0181981615639275,-1.0165639132717068,40,0.5,True,3,6.4326777427135005,1.2192003047999997
675,1.0168128017076135,-1.1426653096732675,40,0.5,True,3,6.4326777427135005,1.3716003047999998
611,1.0156800172432876,119.28866465851186,40,0.5,True,3,6.4326777427135005,1.4020799999999998
652,1.0142751542123423,-0.9764954171390482,40,0.5,True,3,6.4326777427135005,1.5544799999999999
670,1.0220996917857228,-0.5723143100187376,40,0.5,True,3,6.4326777427135005,0.8129015999999999
632,1.0237307240851827,-0.3532493152944937,40,0.5,True,3,6.4326777427135005,0.6095999999999999
680,1.0181981751725762,-1.016564212291578,40,0.5,True,3,6.4326777427135005,1.5239999999999998
684,1.0171550549671937,-1.0138897949977852,40,0.5,True,3,6.4326777427135005,1.3106399999999998
sourcebus,1.0000688531381194,29.999503378662766,40,0.55,True,4,8.745221855081388,
650,1.0000485160198263,-0.0014770531721450381,40,0.55,True,4,8.745221855081388,
rg60,1.0312739845551677,-0.0014792499445180894,40,0.55,True,4,8.745221855081388,0.0
633,1.020690916570475,-0.43949297057422293,40,0.55,True,4,8.745221855081388,0.7619999999999999
634,1.007702700894985,-0.8052913860541987,40,0.55,True,4,8.745221855081388,
671,1.013892362460788,-1.2808052043382876,40,0.55,True,4,8.745221855081388,1.2191999999999998
645,1.0202429321404431,-120.13750627375565,40,0.55,True,4,8.745221855081388,0.7619999999999999
646,1.0192943287396519,-120.17965928316217,40,0.55,True,4,8.745221855081388,0.8534399999999999
692,1.0138923614399076,-1.280805234257764,40,0.55,True,4,8.745221855081388,1.2192003047999997
675,1.0121107612652211,-1.4139871056043825,40,0.55,True,4,8.745221855081388,1.3716003047999998
611,1.0092770052403013,119.12012631352455,40,0.55,True,4,8.745221855081388,1.4020799999999998
652,1.0096038340923639,-1.2396061774110776,40,0.55,True,4,8.745221855081388,1.5544799999999999
670,1.0190908673049541,-0.7439103336408959,40,0.55,True,4,8.745221855081388,0.8129015999999999
632,1.0213450321130748,-0.4794102329014726,40,0.55,True,4,8.745221855081388,0.6095999999999999
680,1.0138923754427804,-1.2808055509909833,40,0.55,True,4,8.745221855081388,1.5239999999999998
684,1.0127572115403713,-1.2807361783494682,40,0.55,True,4,8.745221855081388,1.3106399999999998
sourcebus,1.000054092673022,29.998804779226514,40,0.65,True,5,15.263730151474599,
650,1.0000267989446712,-0.0025126237743984653,40,0.65,True,5,15.263730151474599,
rg60,1.037488761990253,-0.0026531124479760465,40,0.65,True,5,15.263730151474599,0.0
633,1.021893604284263,-0.6943831574116106,40,0.65,True,5,15.263730151474599,0.7619999999999999
634,1.0065217482563256,-1.126679881179835,40,0.65,True,5,15.263730151474599,
671,1.0116107351530115,-1.8004300184503321,40,0.65,True,5,15.263730151474599,1.2191999999999998
645,1.0242175490098202,-120.32240936734908,40,0.65,True,5,15.263730151474599,0.7619999999999999
646,1.0230936967877302,-120.37203304852657,40,0.65,True,5,15.263730151474599,0.8534399999999999
692,1.0116107332193274,-1.8004300167553413,40,0.65,True,5,15.263730151474599,1.2192003047999997
675,1.0090587786485892,-1.947590884445455,40,0.65,True,5,15.263730151474599,1.3716003047999998
611,1.0030374445770394,118.78192169760452,40,0.65,True,5,15.263730151474599,1.4020799999999998
652,1.006568102059318,-1.7569002708936639,40,0.65,True,5,15.263730151474599,1.5544799999999999
670,1.0193635016862634,-1.0812606847443111,40,0.65,True,5,15.263730151474599,0.8129015999999999
632,1.0228513486303905,-0.7278236291088706,40,0.65,True,5,15.263730151474599,0.6095999999999999
680,1.0116107480945735,-1.8004303675099855,40,0.65,True,5,15.263730151474599,1.5239999999999998
684,1.010283766835527,-1.8054951755384658,40,0.65,True,5,15.263730151474599,1.3106399999999998
sourcebus,1.000031199079474,29.997771386201826,40,0.8,True,6,30.065482680516006,
650,0.999993001956306,-0.00404855633082628,40,0.8,True,6,30.065482680516006,
rg60,1.0436836192940926,-0.004375944107389919,40,0.8,True,6,30.065482680516006,0.0
633,1.0203743502618379,-1.0756384022862848,40,0.8,True,6,30.065482680516006,0.7619999999999999
634,1.001349194859474,-1.6112329160737142,40,0.8,True,6,30.065482680516006,
671,1.0047810601520915,-2.5875157384415,40,0.8,True,6,30.065482680516006,1.2191999999999998
645,1.0270083465010749,-120.59541581096931,40,0.8,True,6,30.065482680516006,0.7619999999999999
646,1.02562438871323,-120.65612527815358,40,0.8,True,6,30.065482680516006,0.8534399999999999
692,1.0047810568282682,-2.587515687469667,40,0.8,True,6,30.065482680516006,1.2192003047999997
675,1.0010431916981557,-2.756522630599091,40,0.8,True,6,30.065482680516006,1.3716003047999998
611,0.9901040022302696,118.27654865787798,40,0.8,True,6,30.065482680516006,1.4020799999999998
652,0.998640461628302,-2.540504057226777,40,0.8,True,6,30.065482680516006,1.5544799999999999
670,1.0164175703281229,-1.588338148161615,40,0.8,True,6,30.065482680516006,0.8129015999999999
632,1.0217942567144056,-1.0995188137978542,40,0.8,True,6,30.065482680516006,0.6095999999999999
680,1.0047810729895303,-2.5875160912604973,40,0.8,True,6,30.065482680516006,1.5239999999999998
684,1.0031777928281127,-2.6002804877232633,40,0.8,True,6,30.065482680516006,1.3106399999999998
sourcebus,1.0000153353183279,29.99709344544852,40,0.9,True,7,43.26833898387515,
650,0.9999695475689712,-0.005077712079016383,40,0.9,True,7,43.26833898387515,
rg60,1.0498949616510156,-0.0055234704216045455,40,0.9,True,7,43.26833898387515,0.0
633,1.021468865799823,-1.3221982212413137,40,0.9,True,7,43.26833898387515,0.7619999999999999
634,1.000032063622945,-1.924864135878768,40,0.9,True,7,43.26833898387515,
671,1.0023945143350015,-3.103323717165372,40,0.9,True,7,43.26833898387515,1.2191999999999998
645,1.0245259808569693,-120.77466100369988,40,0.9,True,7,43.26833898387515,0.7619999999999999
646,1.0229723227787333,-120.84305315924193,40,0.9,True,7,43.26833898387515,0.8534399999999999
692,1.0023945100801246,-3.103323633702038,40,0.9,True,7,43.26833898387515,1.2192003047999997
675,0.9978787592949384,-3.2872720279087657,40,0.9,True,7,43.26833898387515,1.3716003047999998
611,0.9835286558853561,117.93282855484726,40,0.9,True,7,43.26833898387515,1.4020799999999998
652,0.9955167693474348,-3.053957190956806,40,0.9,True,7,43.26833898387515,1.5544799999999999
670,1.016570601670359,-1.9176610870668902,40,0.9,True,7,43.26833898387515,0.8129015999999999
632,1.0231928943890212,-1.3396999206085145,40,0.9,True,7,43.26833898387515,0.6095999999999999
680,1.0023945271482662,-3.1033240714526533,40,0.9,True,7,43.26833898387515,1.5239999999999998
684,1.0006054418237318,-3.1211774393899314,40,0.9,True,7,43.26833898387515,1.3106399999999998
sourcebus,1.000007249343127,29.99675458071495,40,0.95,True,8,50.70699999578534,
650,0.9999575108863725,-0.005604240636724306,40,0.95,True,8,50.70699999578534,
rg60,1.0561246034160292,-0.00611171462811967,40,0.95,True,8,50.70699999578534,0.0
633,1.0252275360483345,-1.4367865216235376,40,0.95,True,8,50.70699999578534,0.7619999999999999
634,1.0026514663013861,-2.069073967010418,40,0.95,True,8,50.70699999578534,
671,1.004479808711118,-3.344115372452595,40,0.95,True,8,50.70699999578534,1.2191999999999998
645,1.0232397771224622,-120.86376966434804,40,0.95,True,8,50.70699999578534,0.7619999999999999
646,1.021600192441392,-120.93621327198608,40,0.95,True,8,50.70699999578534,0.8534399999999999
692,1.0044798040007539,-3.3441152741475992,40,0.95,True,8,50.70699999578534,1.2192003047999997
675,0.999600084952847,-3.535167939165841,40,0.95,True,8,50.70699999578534,1.3716003047999998
611,0.9835937635849001,117.76245000025048,40,0.95,True,8,50.70699999578534,1.4020799999999998
652,0.9972092413024761,-3.293523887043785,40,0.95,True,8,50.70699999578534,1.5544799999999999
670,1.0198734090695039,-2.0706825211729085,40,0.95,True,8,50.70699999578534,0.8129015999999999
632,1.0270966953871843,-1.4511001464168842,40,0.95,True,8,50.70699999578534,0.6095999999999999
680,1.004479821562692,-3.3441157268564807,40,0.95,True,8,50.70699999578534,1.5239999999999998
684,1.002589818967862,-3.3644628899177493,40,0.95,True,8,50.70699999578534,1.3106399999999998
sourcebus,0.9999991022832851,29.996422785406864,40,1.0,True,9,59.2249670113257,
650,0.9999454059918698,-0.006102619265774677,40,1.0,True,9,59.2249670113257,
rg60,1.0561048472620393,-0.006658041430581631,40,1.0,True,9,59.2249670113257,0.0
633,1.022474750409589,-1.5653757245904691,40,1.0,True,9,59.2249670113257,0.7619999999999999
634,0.998610500069682,-2.23543145357115,40,1.0,True,9,59.2249670113257,
671,0.9998831049506536,-3.617080031517174,40,1.0,True,9,59.2249670113257,1.2191999999999998
645,1.0220182697424023,-120.95546688304027,40,1.0,True,9,59.2249670113257,0.7619999999999999
646,1.0202957892376314,-121.03156253109195,40,1.0,True,9,59.2249670113257,0.8534399999999999
692,0.9998830997564118,-3.617079915142568,40,1.0,True,9,59.2249670113257,1.2192003047999997
675,0.99458212744304,-3.816225780659316,40,1.0,True,9,59.2249670113257,1.3716003047999998
611,0.976840209573334,117.5906105055012,40,1.0,True,9,59.2249670113257,1.4020799999999998
652,0.9922748657851767,-3.5653479644554413,40,1.0,True,9,59.2249670113257,1.5544799999999999
670,1.0166193348221442,-2.243601289457978,40,1.0,True,9,59.2249670113257,0.8129015999999999
632,1.0245048089028672,-1.5765593840051175,40,1.0,True,9,59.2249670113257,0.6095999999999999
680,0.9998831177377723,-3.6170803872765727,40,1.0,True,9,59.2249670113257,1.5239999999999998
684,0.9979106759339398,-3.640003621086064,40,1.0,True,9,59.2249670113257,1.3106399999999998
sourcebus,0.9999991022832851,29.996422785406864,40,1.0,True,10,59.2249670113257,
650,0.9999454059918698,-0.006102619265774677,40,1.0,True,10,59.2249670113257,
rg60,1.0561048472620393,-0.006658041430581631,40,1.0,True,10,59.2249670113257,0.0
633,1.022474750409589,-1.5653757245904691,40,1.0,True,10,59.2249670113257,0.7619999999999999
634,0.998610500069682,-2.23543145357115,40,1.0,True,10,59.2249670113257,
671,0.9998831049506536,-3.617080031517174,40,1.0,True,10,59.2249670113257,1.2191999999999998
645,1.0220182697424023,-120.95546688304027,40,1.0,True,10,59.2249670113257,0.7619999999999999
646,1.0202957892376314,-121.03156253109195,40,1.0,True,10,59.2249670113257,0.8534399999999999
692,0.9998830997564118,-3.617079915142568,40,1.0,True,10,59.2249670113257,1.2192003047999997
675,0.99458212744304,-3.816225780659316,40,1.0,True,10,59.2249670113257,1.3716003047999998
611,0.976840209573334,117.5906105055012,40,1.0,True,10,59.2249670113257,1.4020799999999998
652,0.9922748657851767,-3.5653479644554413,40,1.0,True,10,59.2249670113257,1.5544799999999999
670,1.0166193348221442,-2.243601289457978,40,1.0,True,10,59.2249670113257,0.8129015999999999
632,1.0245048089028672,-1.5765593840051175,40,1.0,True,10,59.2249670113257,0.6095999999999999
680,0.9998831177377723,-3.6170803872765727,40,1.0,True,10,59.2249670113257,1.5239999999999998
684,0.9979106759339398,-3.640003621086064,40,1.0,True,10,59.2249670113257,1.3106399999999998
sourcebus,1.000007249343127,29.99675458071495,40,0.95,True,11,50.70699999578534,
650,0.9999575108863725,-0.005604240636724306,40,0.95,True,11,50.70699999578534,
rg60,1.0561246034160292,-0.00611171462811967,40,0.95,True,11,50.70699999578534,0.0
633,1.0252275360483345,-1.4367865216235376,40,0.95,True,11,50.70699999578534,0.7619999999999999
634,1.0026514663013861,-2.069073967010418,40,0.95,True,11,50.70699999578534,
671,1.004479808711118,-3.344115372452595,40,0.95,True,11,50.70699999578534,1.2191999999999998
645,1.0232397771224622,-120.86376966434804,40,0.95,True,11,50.70699999578534,0.7619999999999999
646,1.021600192441392,-120.93621327198608,40,0.95,True,11,50.70699999578534,0.8534399999999999
692,1.0044798040007539,-3.3441152741475992,40,0.95,True,11,50.70699999578534,1.2192003047999997
675,0.999600084952847,-3.535167939165841,40,0.95,True,11,50.70699999578534,1.3716003047999998
611,0.9835937635849001,117.76245000025048,40,0.95,True,11,50.70699999578534,1.4020799999999998
652,0.9972092413024761,-3.293523887043785,40,0.95,True,11,50.70699999578534,1.5544799999999999
670,1.0198734090695039,-2.0706825211729085,40,0.95,True,11,50.70699999578534,0.8129015999999999
632,1.0270966953871843,-1.4511001464168842,40,0.95,True,11,50.70699999578534,0.6095999999999999
680,1.004479821562692,-3.3441157268564807,40,0.95,True,11,50.70699999578534,1.5239999999999998
684,1.002589818967862,-3.3644628899177493,40,0.95,True,11,50.70699999578534,1.3106399999999998
sourcebus,1.0000153353183279,29.99709344544852,40,0.9,True,12,43.26833898387515,
650,0.9999695475689712,-0.005077712079016383,40,0.9,True,12,43.26833898387515,
rg60,1.0498949616510156,-0.0055234704216045455,40,0.9,True,12,43.26833898387515,0.0
633,1.021468865799823,-1.3221982212413137,40,0.9,True,12,43.26833898387515,0.7619999999999999
634,1.000032063622945,-1.924864135878768,40,0.9,True,12,43.26833898387515,
671,1.0023945143350015,-3.103323717165372,40,0.9,True,12,43.26833898387515,1.2191999999999998
645,1.0245259808569693,-120.77466100369988,40,0.9,True,12,43.26833898387515,0.7619999999999999
646,1.0229723227787333,-120.84305315924193,40,0.9,True,12,43.26833898387515,0.8534399999999999
692,1.0023945100801246,-3.103323633702038,40,0.9,True,12,43.26833898387515,1.2192003047999997
675,0.9978787592949384,-3.2872720279087657,40,0.9,True,12,43.26833898387515,1.3716003047999998
611,0.9835286558853561,117.93282855484726,40,0.9,True,12,43.26833898387515,1.4020799999999998
652,0.9955167693474348,-3.053957190956806,40,0.9,True,12,43.26833898387515,1.5544799999999999
670,1.016570601670359,-1.9176610870668902,40,0.9,True,12,43.26833898387515,0.8129015999999999
632,1.0231928943890212,-1.3396999206085145,40,0.9,True,12,43.26833898387515,0.6095999999999999
680,1.0023945271482662,-3.1033240714526533,40,0.9,True,12,43.26833898387515,1.5239999999999998
684,1.0006054418237318,-3.1211774393899314,40,0.9,True,12,43.26833898387515,1.3106399999999998
sourcebus,1.0000153353183279,29.99709344544852,40,0.9,True,13,43.26833898387515,
650,0.9999695475689712,-0.005077712079016383,40,0.9,True,13,43.26833898387515,
rg60,1.0498949616510156,-0.0055234704216045455,40,0.9,True,13,43.26833898387515,0.0
633,1.021468865799823,-1.3221982212413137,40,0.9,True,13,43.26833898387515,0.7619999999999999
634,1.000032063622945,-1.924864135878768,40,0.9,True,13,43.26833898387515,
671,1.0023945143350015,-3.103323717165372,40,0.9,True,13,43.26833898387515,1.2191999999999998
645,1.0245259808569693,-120.77466100369988,40,0.9,True,13,43.26833898387515,0.7619999999999999
646,1.0229723227787333,-120.84305315924193,40,0.9,True,13,43.26833898387515,0.8534399999999999
692,1.0023945100801246,-3.103323633702038,40,0.9,True,13,43.26833898387515,1.2192003047999997
675,0.9978787592949384,-3.2872720279087657,40,0.9,True,13,43.26833898387515,1.3716003047999998
611,0.9835286558853561,117.93282855484726,40,0.9,True,13,43.26833898387515,1.4020799999999998
652,0.9955167693474348,-3.053957190956806,40,0.9,True,13,43.26833898387515,1.5544799999999999
670,1.016570601670359,-1.9176610870668902,40,0.9,True,13,43.26833898387515,0.8129015999999999
632,1.0231928943890212,-1.3396999206085145,40,0.9,True,13,43.26833898387515,0.6095999999999999
680,1.0023945271482662,-3.1033240714526533,40,0.9,True,13,43.26833898387515,1.5239999999999998
684,1.0006054418237318,-3.1211774393899314,40,0.9,True,13,43.26833898387515,1.3106399999999998
sourcebus,1.000007249343127,29.99675458071495,40,0.95,True,14,50.70699999578534,
650,0.9999575108863725,-0.005604240636724306,40,0.95,True,14,50.70699999578534,
rg60,1.0561246034160292,-0.00611171462811967,40,0.95,True,14,50.70699999578534,0.0
633,1.0252275360483345,-1.4367865216235376,40,0.95,True,14,50.70699999578534,0.7619999999999999
634,1.0026514663013861,-2.069073967010418,40,0.95,True,14,50.70699999578534,
671,1.004479808711118,-3.344115372452595,40,0.95,True,14,50.70699999578534,1.2191999999999998
645,1.0232397771224622,-120.86376966434804,40,0.95,True,14,50.70699999578534,0.7619999999999999
646,1.021600192441392,-120.93621327198608,40,0.95,True,14,50.70699999578534,0.8534399999999999
692,1.0044798040007539,-3.3441152741475992,40,0.95,True,14,50.70699999578534,1.2192003047999997
675,0.999600084952847,-3.535167939165841,40,0.95,True,14,50.70699999578534,1.3716003047999998
611,0.9835937635849001,117.76245000025048,40,0.95,True,14,50.70699999578534,1.4020799999999998
652,0.9972092413024761,-3.293523887043785,40,0.95,True,14,50.70699999578534,1.5544799999999999
670,1.0198734090695039,-2.0706825211729085,40,0.95,True,14,50.70699999578534,0.8129015999999999
632,1.0270966953871843,-1.4511001464168842,40,0.95,True,14,50.70699999578534,0.6095999999999999
680,1.004479821562692,-3.3441157268564807,40,0.95,True,14,50.70699999578534,1.5239999999999998
684,1.002589818967862,-3.3644628899177493,40,0.95,True,14,50.70699999578534,1.3106399999999998
sourcebus,0.9999991022832851,29.996422785406864,40,1.0,True,15,59.2249670113257,
650,0.9999454059918698,-0.006102619265774677,40,1.0,True,15,59.2249670113257,
rg60,1.0561048472620393,-0.006658041430581631,40,1.0,True,15,59.2249670113257,0.0
633,1.022474750409589,-1.5653757245904691,40,1.0,True,15,59.2249670113257,0.7619999999999999
634,0.998610500069682,-2.23543145357115,40,1.0,True,15,59.2249670113257,
671,0.9998831049506536,-3.617080031517174,40,1.0,True,15,59.2249670113257,1.2191999999999998
645,1.0220182697424023,-120.95546688304027,40,1.0,True,15,59.2249670113257,0.7619999999999999
646,1.0202957892376314,-121.03156253109195,40,1.0,True,15,59.2249670113257,0.8534399999999999
692,0.9998830997564118,-3.617079915142568,40,1.0,True,15,59.2249670113257,1.2192003047999997
675,0.99458212744304,-3.816225780659316,40,1.0,True,15,59.2249670113257,1.3716003047999998
611,0.976840209573334,117.5906105055012,40,1.0,True,15,59.2249670113257,1.4020799999999998
652,0.9922748657851767,-3.5653479644554413,40,1.0,True,15,59.2249670113257,1.5544799999999999
670,1.0166193348221442,-2.243601289457978,40,1.0,True,15,59.2249670113257,0.8129015999999999
632,1.0245048089028672,-1.5765593840051175,40,1.0,True,15,59.2249670113257,0.6095999999999999
680,0.9998831177377723,-3.6170803872765727,40,1.0,True,15,59.2249670113257,1.5239999999999998
684,0.9979106759339398,-3.640003621086064,40,1.0,True,15,59.2249670113257,1.3106399999999998
sourcebus,0.9999908685971003,29.99609279255877,40,1.05,True,16,68.51239207754378,
650,0.9999331505369645,-0.006599129316137282,40,1.05,True,16,68.51239207754378,
rg60,1.0560848765122994,-0.007200021546669852,40,1.05,True,16,68.51239207754378,0.0
633,1.019690506216187,-1.694626473553541,40,1.05,True,16,68.51239207754378,0.7619999999999999
634,0.9945261633231589,-2.4029982735723423,40,1.05,True,16,68.51239207754378,
671,0.9952426398021634,-3.8926383066815915,40,1.05,True,16,68.51239207754378,1.2191999999999998
645,1.0207928666633483,-121.04739529532463,40,1.05,True,16,68.51239207754378,0.7619999999999999
646,1.0189878525965346,-121.12712464384227,40,1.05,True,16,68.51239207754378,0.8534399999999999
692,0.9952426341190257,-3.8926381719385668,40,1.05,True,16,68.51239207754378,1.2192003047999997
675,0.9895159311091618,-4.100061183259824,40,1.05,True,16,68.51239207754378,1.3716003047999998
611,0.9700283878858512,117.41754949355159,40,1.05,True,16,68.51239207754378,1.4020799999999998
652,0.9873013292345206,-3.8397664357146484,40,1.05,True,16,68.51239207754378,1.5544799999999999
670,1.0133293762289108,-2.417644169005998,40,1.05,True,16,68.51239207754378,0.8129015999999999
632,1.0218829457391267,-1.7026379526164306,40,1.05,True,16,68.51239207754378,0.6095999999999999
680,0.9952426525242799,-3.8926386638215784,40,1.05,True,16,68.51239207754378,1.5239999999999998
684,0.9931893392685002,-3.918136647165988,40,1.05,True,16,68.51239207754378,1.3106399999999998
sourcebus,0.9999825465130844,29.99576464896752,40,1.1,True,17,78.58550051501349,
650,0.9999207410197268,-0.007093719422948359,40,1.1,True,17,78.58550051501349,
rg60,1.056064686184478,-0.0077375443941095825,40,1.1,True,17,78.58550051501349,0.0
633,1.016873967830857,-1.8245588442126917,40,1.1,True,17,78.58550051501349,0.7619999999999999
634,0.9903972925311225,-2.5718120657148207,40,1.1,True,17,78.58550051501349,
671,0.9905572009861433,-4.170874990409503,40,1.1,True,17,78.58550051501349,1.2191999999999998
645,1.0195636017836363,-121.13956063773637,40,1.1,True,17,78.58550051501349,0.7619999999999999
646,1.0176764201273432,-121.22290494779173,40,1.1,True,17,78.58550051501349,0.8534399999999999
692,0.990557194808951,-4.170874836988751,40,1.1,True,17,78.58550051501349,1.2192003047999997
675,0.9844001598407613,-4.386766210475765,40,1.1,True,17,78.58550051501349,1.3716003047999998
611,0.9631566566305353,117.2432305321562,40,1.1,True,17,78.58550051501349,1.4020799999999998
652,0.9822874796689992,-4.116863967381847,40,1.1,True,17,78.58550051501349,1.5544799999999999
670,1.0100025618031214,-2.59284561229639,40,1.1,True,17,78.58550051501349,0.8129015999999999
632,1.0192303111609664,-1.8293545885975935,40,1.1,True,17,78.58550051501349,0.6095999999999999
680,0.9905572136426953,-4.170875348956039,40,1.1,True,17,78.58550051501349,1.5239999999999998
684,0.9884246163543827,-4.198946636464265,40,1.1,True,17,78.58550051501349,1.3106399999999998
sourcebus,0.9999908685971003,29.99609279255877,40,1.05,True,18,68.51239207754378,
650,0.9999331505369645,-0.006599129316137282,40,1.05,True,18,68.51239207754378,
rg60,1.0560848765122994,-0.007200021546669852,40,1.05,True,18,68.51239207754378,0.0
633,1.019690506216187,-1.694626473553541,40,1.05,True,18,68.51239207754378,0.7619999999999999
634,0.9945261633231589,-2.4029982735723423,40,1.05,True,18,68.51239207754378,
671,0.9952426398021634,-3.8926383066815915,40,1.05,True,18,68.51239207754378,1.2191999999999998
645,1.0207928666633483,-121.04739529532463,40,1.05,True,18,68.51239207754378,0.7619999999999999
646,1.0189878525965346,-121.12712464384227,40,1.05,True,18,68.51239207754378,0.8534399999999999
692,0.9952426341190257,-3.8926381719385668,40,1.05,True,18,68.51239207754378,1.2192003047999997
675,0.9895159311091618,-4.100061183259824,40,1.05,True,18,68.51239207754378,1.3716003047999998
611,0.9700283878858512,117.41754949355159,40,1.05,True,18,68.51239207754378,1.4020799999999998
652,0.9873013292345206,-3.8397664357146484,40,1.05,True,18,68.51239207754378,1.5544799999999999
670,1.0133293762289108,-2.417644169005998,40,1.05,True,18,68.51239207754378,0.8129015999999999
632,1.0218829457391267,-1.7026379526164306,40,1.05,True,18,68.51239207754378,0.6095999999999999
680,0.9952426525242799,-3.8926386638215784,40,1.05,True,18,68.51239207754378,1.5239999999999998
684,0.9931893392685002,-3.918136647165988,40,1.05,True,18,68.51239207754378,1.3106399999999998
sourcebus,1.000007249343127,29.99675458071495,40,0.95,True,19,50.70699999578534,
650,0.9999575108863725,-0.005604240636724306,40,0.95,True,19,50.70699999578534,
rg60,1.0561246034160292,-0.00611171462811967,40,0.95,True,19,50.70699999578534,0.0
633,1.0252275360483345,-1.4367865216235376,40,0.95,True,19,50.70699999578534,0.7619999999999999
634,1.0026514663013861,-2.069073967010418,40,0.95,True,19,50.70699999578534,
671,1.004479808711118,-3.344115372452595,40,0.95,True,19,50.70699999578534,1.2191999999999998
645,1.0232397771224622,-120.86376966434804,40,0.95,True,19,50.70699999578534,0.7619999999999999
646,1.021600192441392,-120.93621327198608,40,0.95,True,19,50.70699999578534,0.8534399999999999
692,1.0044798040007539,-3.3441152741475992,40,0.95,True,19,50.70699999578534,1.2192003047999997
675,0.999600084952847,-3.535167939165841,40,0.95,True,19,50.70699999578534,1.3716003047999998
611,0.9835937635849001,117.76245000025048,40,0.95,True,19,50.70699999578534,1.4020799999999998
652,0.9972092413024761,-3.293523887043785,40,0.95,True,19,50.70699999578534,1.5544799999999999
670,1.0198734090695039,-2.0706825211729085,40,0.95,True,19,50.70699999578534,0.8129015999999999
632,1.0270966953871843,-1.4511001464168842,40,0.95,True,19,50.70699999578534,0.6095999999999999
680,1.004479821562692,-3.3441157268564807,40,0.95,True,19,50.70699999578534,1.5239999999999998
684,1.002589818967862,-3.3644628899177493,40,0.95,True,19,50.70699999578534,1.3106399999999998
sourcebus,1.0000233079280378,29.997428846887072,40,0.85,True,20,36.18612867436174,
650,0.9999813394086753,-0.004576384692222595,40,0.85,True,20,36.18612867436174,
rg60,1.0499141528035323,-0.004969643462318632,40,0.85,True,20,36.18612867436174,0.0
633,1.0241716364467837,-1.193301790198323,40,0.85,True,20,36.18612867436174,0.7619999999999999
634,1.004008939154476,-1.7587425454109793,40,0.85,True,20,36.18612867436174,
671,1.0069220810568482,-2.8321453044239893,40,0.85,True,20,36.18612867436174,1.2191999999999998
645,1.0257360764173569,-120.68352341630165,40,0.85,True,20,36.18612867436174,0.7619999999999999
646,1.0242658918742849,-120.74825102733722,40,0.85,True,20,36.18612867436174,0.8534399999999999
692,1.0069220772791931,-2.8321452386645594,40,0.85,True,20,36.18612867436174,1.2192003047999997
675,1.0028218735137362,-3.008233496616843,40,0.85,True,20,36.18612867436174,1.3716003047999998
611,0.9902013132505278,118.10380397303805,40,0.85,True,20,36.18612867436174,1.4020799999999998
652,1.0003881531980232,-2.783917070297483,40,0.85,True,20,36.18612867436174,1.5544799999999999
670,1.019766945168171,-1.744849298916242,40,0.85,True,20,36.18612867436174,0.8129015999999999
632,1.0257365196819779,-1.2139091659340124,40,0.85,True,20,36.18612867436174,0.6095999999999999
680,1.006922093933619,-2.8321456573756154,40,0.85,True,20,36.18612867436174,1.5239999999999998
684,1.0052175734965791,-2.8474164618554636,40,0.85,True,20,36.18612867436174,1.3106399999999998
sourcebus,1.000038730141754,29.998117527869354,40,0.75,True,21,24.42998778398796,
650,1.0000042469213222,-0.003548981628674298,40,0.75,True,21,24.42998778398796,
rg60,1.0437019499892193,-0.0038205063586091606,40,0.75,True,21,24.42998778398796,0.0
633,1.0231029028654095,-0.9449105311443654,40,0.75,True,21,24.42998778398796,0.7619999999999999
634,1.005339056447583,-1.4437423267836156,40,0.75,True,21,24.42998778398796,
671,1.009375950837225,-2.317537000134241,40,0.75,True,21,24.42998778398796,1.2191999999999998
645,1.021757495021083,-120.50167862497474,40,0.75,True,21,24.42998778398796,0.7619999999999999
646,1.0204633790111033,-120.55901835789518,40,0.75,True,21,24.42998778398796,0.8534399999999999
692,1.0093759479846387,-2.3175369665658656,40,0.75,True,21,24.42998778398796,1.2192003047999997
675,1.0060555712018342,-2.4792090903474864,40,0.75,True,21,24.42998778398796,1.3716003047999998
611,0.9966183710947664,118.4367634444608,40,0.75,True,21,24.42998778398796,1.4020799999999998
652,1.0035843159533866,-2.2716711871485105,40,0.75,True,21,24.42998778398796,1.5544799999999999
670,1.019649349104199,-1.4143574489221769,40,0.75,True,21,24.42998778398796,0.8129015999999999
632,1.024362273655873,-0.9719463778878854,40,0.75,True,21,24.42998778398796,0.6095999999999999
680,1.0093759637567126,-2.3175373506312376,40,0.75,True,21,24.42998778398796,1.5239999999999998
684,1.0078590575752058,-2.3277225506431947,40,0.75,True,21,24.42998778398796,1.3106399999999998
sourcebus,1.0000463543154263,29.998454157168503,40,0.7,True,22,19.5389496443886,
650,1.0000156519535819,-0.0030420893165625253,40,0.7,True,22,19.5389496443886,
rg60,1.043720395951808,-0.003255689562218608,40,0.7,True,22,19.5389496443886,0.0
633,1.0257067194921725,-0.824034892841956,40,0.7,True,22,19.5389496443886,0.7619999999999999
634,1.009193118611548,-1.2866532882445163,40,0.7,True,22,19.5389496443886,
671,1.0137501387263779,-2.06449593167333,40,0.7,True,22,19.5389496443886,1.2191999999999998
645,1.0230390224772004,-120.407495777821,40,0.7,True,22,19.5389496443886,0.7619999999999999
646,1.0218308986221056,-120.46082358518366,40,0.7,True,22,19.5389496443886,0.8534399999999999
692,1.0137501363371029,-2.064495915245965,40,0.7,True,22,19.5389496443886,1.2192003047999997
675,1.0108272000482215,-2.219107851634384,40,0.7,True,22,19.5389496443886,1.3716003047999998
611,0.9964498309512385,118.61106846880959,40,0.7,True,22,19.5389496443886,1.4020799999999998
652,1.0083132250710913,-2.0199415837661956,40,0.7,True,22,19.5389496443886,1.5544799999999999
670,1.0227305619964464,-1.252412169453178,40,0.7,True,22,19.5389496443886,0.8129015999999999
632,1.0268105992961916,-0.8538876379839281,40,0.7,True,22,19.5389496443886,0.6095999999999999
680,1.0137501517080123,-2.064496281745844,40,0.7,True,22,19.5389496443886,1.5239999999999998
684,1.0123217184507094,-2.0722657725629174,40,0.7,True,22,19.5389496443886,1.3106399999999998
sourcebus,1.000054092673022,29.998804779226514,40,0.65,True,23,15.263730151474599,
650,1.0000267989446712,-0.0025126237743984653,40,0.65,True,23,15.263730151474599,
rg60,1.037488761990253,-0.0026531124479760465,40,0.65,True,23,15.263730151474599,0.0
633,1.021893604284263,-0.6943831574116106,40,0.65,True,23,15.263730151474599,0.7619999999999999
634,1.0065217482563256,-1.126679881179835,40,0.65,True,23,15.263730151474599,
671,1.0116107351530115,-1.8004300184503321,40,0.65,True,23,15.263730151474599,1.2191999999999998
645,1.0242175490098202,-120.32240936734908,40,0.65,True,23,15.263730151474599,0.7619999999999999
646,1.0230936967877302,-120.37203304852657,40,0.65,True,23,15.263730151474599,0.8534399999999999
692,1.0116107332193274,-1.8004300167553413,40,0.65,True,23,15.263730151474599,1.2192003047999997
675,1.0090587786485892,-1.947590884445455,40,0.65,True,23,15.263730151474599,1.3716003047999998
611,1.0030374445770394,118.78192169760452,40,0.65,True,23,15.263730151474599,1.4020799999999998
652,1.006568102059318,-1.7569002708936639,40,0.65,True,23,15.263730151474599,1.5544799999999999
670,1.0193635016862634,-1.0812606847443111,40,0.65,True,23,15.263730151474599,0.8129015999999999
632,1.0228513486303905,-0.7278236291088706,40,0.65,True,23,15.263730151474599,0.6095999999999999
680,1.0116107480945735,-1.8004303675099855,40,0.65,True,23,15.263730151474599,1.5239999999999998
684,1.010283766835527,-1.8054951755384658,40,0.65,True,23,15.263730151474599,1.3106399999999998
sourcebus,1.00007030507029,30.001037097428316,60,0.6,True,0,8.75021710479477,
650,1.0000490613742847,0.0005285201845441728,60,0.6,True,0,8.75021710479477,
rg60,1.031283063780034,0.001219749937358811,60,0.6,True,0,8.75021710479477,0.0
633,1.0229269057202006,-0.06482257952975826,60,0.6,True,0,8.75021710479477,0.7619999999999999
634,1.008770997234726,-0.46258141819855547,60,0.6,True,0,8.75021710479477,
671,1.0170283403340812,-0.7189517548935599,60,0.6,True,0,8.75021710479477,1.2191999999999998
645,1.0199671374141042,-119.7205477219187,60,0.6,True,0,8.75021710479477,0.7619999999999999
646,1.0189325839335255,-119.76654640099555,60,0.6,True,0,8.75021710479477,0.8534399999999999
692,1.0170283408334007,-0.7189517706425919,60,0.6,True,0,8.75021710479477,1.2192003047999997
675,1.0153924234201324,-0.8378621679810709,60,0.6,True,0,8.75021710479477,1.3716003047999998
611,1.009142028815166,119.85026321011935,60,0.6,True,0,8.75021710479477,1.4020799999999998
652,1.0123398162564676,-0.6765454663500821,60,0.6,True,0,8.75021710479477,1.5544799999999999
670,1.0214328339612786,-0.32978518362088244,60,0.6,True,0,8.75021710479477,0.8129015999999999
632,1.0232396239293011,-0.13869069123015856,60,0.6,True,0,8.75021710479477,0.6095999999999999
680,1.0170283533663276,-0.7189521021395456,60,0.6,True,0,8.75021710479477,1.5239999999999998
684,1.0157892608787875,-0.7214089756293157,60,0.6,True,0,8.75021710479477,1.3106399999999998
sourcebus,1.0000774661486094,30.001382199261162,60,0.55,True,1,7.381942120443034,
650,1.0000596150502512,0.0010423386462151795,60,0.55,True,1,7.381942120443034,
rg60,1.0313001065560508,0.0018027635696759923,60,0.55,True,1,7.381942120443034,0.0
633,1.0253467327878583,0.054721564911173075,60,0.55,True,1,7.381942120443034,0.7619999999999999
634,1.0124190328608296,-0.3077248147811862,60,0.55,True,1,7.381942120443034,
671,1.0211363466117003,-0.47331097767209823,60,0.55,True,1,7.381942120443034,1.2191999999999998
645,1.0212689280632874,-119.62879503703152,60,0.55,True,1,7.381942120443034,0.7619999999999999
646,1.020320530394007,-119.67081153757842,60,0.55,True,1,7.381942120443034,0.8534399999999999
692,1.021136347555827,-0.4733110098910025,60,0.55,True,1,7.381942120443034,1.2192003047999997
675,1.0198840664011422,-0.5855493743878132,60,0.55,True,1,7.381942120443034,1.3716003047999998
611,1.0088612504466055,120.04038703387187,60,0.55,True,1,7.381942120443034,1.4020799999999998
652,1.0168134959902049,-0.4322087394595279,60,0.55,True,1,7.381942120443034,1.5544799999999999
670,1.0243001678464898,-0.17041569231158385,60,0.55,True,1,7.381942120443034,0.8129015999999999
632,1.0255112728585667,-0.02171120649427814,60,0.55,True,1,7.381942120443034,0.6095999999999999
680,1.0211363597011955,-0.47331132455196256,60,0.55,True,1,7.381942120443034,1.5239999999999998
684,1.019989391959308,-0.47333874039791995,60,0.55,True,1,7.381942120443034,1.3106399999999998
sourcebus,1.000084383367905,30.001744424374195,60,0.5,True,2,6.6583403868468904,
650,1.0000696526076713,0.0015663523170304319,60,0.5,True,2,6.6583403868468904,
rg60,1.0250662168025837,0.0024093482983986586,60,0.5,True,2,6.6583403868468904,0.0
633,1.0216057102177925,0.19357377842840248,60,0.5,True,2,6.6583403868468904,0.7619999999999999
634,1.0098245462508675,-0.13798145817949214,60,0.5,True,2,6.6583403868468904,
671,1.0191575611652386,-0.1994635627770798,60,0.5,True,2,6.6583403868468904,1.2191999999999998
645,1.0160001355030137,-119.52615614982675,60,0.5,True,2,6.6583403868468904,0.7619999999999999
646,1.0151401361894106,-119.56463194558724,60,0.5,True,2,6.6583403868468904,0.8534399999999999
692,1.019157562565846,-0.19946360971399413,60,0.5,True,2,6.6583403868468904,1.2192003047999997
675,1.0182823163249743,-0.3048416896373489,60,0.5,True,2,6.6583403868468904,1.3716003047999998
611,1.0151300615185825,120.19115237173783,60,0.5,True,2,6.6583403868468904,1.4020799999999998
652,1.015230001643238,-0.15939636173089383,60,0.5,True,2,6.6583403868468904,1.5544799999999999
670,1.0210210180922918,0.010515192008600387,60,0.5,True,2,6.6583403868468904,0.8129015999999999
632,1.021614154070967,0.11319018897935484,60,0.5,True,2,6.6583403868468904,0.6095999999999999
680,1.0191575742362753,-0.199463907716219,60,0.5,True,2,6.6583403868468904,1.5239999999999998
684,1.0181126135616485,-0.19679073958963447,60,0.5,True,2,6.6583403868468904,1.3106399999999998
sourcebus,1.000084383367905,30.001744424374195,60,0.5,True,3,6.6583403868468904,
650,1.0000696526076713,0.0015663523170304319,60,0.5,True,3,6.6583403868468904,
rg60,1.0250662168025837,0.0024093482983986586,60,0.5,True,3,6.6583403868468904,0.0
633,1.0216057102177925,0.19357377842840248,60,0.5,True,3,6.6583403868468904,0.7619999999999999
634,1.0098245462508675,-0.13798145817949214,60,0.5,True,3,6.6583403868468904,
671,1.0191575611652386,-0.1994635627770798,60,0.5,True,3,6.6583403868468904,1.2191999999999998
645,1.0160001355030137,-119.52615614982675,60,0.5,True,3,6.6583403868468904,0.7619999999999999
646,1.0151401361894106,-119.56463194558724,60,0.5,True,3,6.6583403868468904,0.8534399999999999
692,1.019157562565846,-0.19946360971399413,60,0.5,True,3,6.6583403868468904,1.2192003047999997
675,1.0182823163249743,-0.3048416896373489,60,0.5,True,3,6.6583403868468904,1.3716003047999998
611,1.0151300615185825,120.19115237173783,60,0.5,True,3,6.6583403868468904,1.4020799999999998
652,1.015230001643238,-0.15939636173089383,60,0.5,True,3,6.6583403868468904,1.5544799999999999
670,1.0210210180922918,0.010515192008600387,60,0.5,True,3,6.6583403868468904,0.8129015999999999
632,1.021614154070967,0.11319018897935484,60,0.5,True,3,6.6583403868468904,0.6095999999999999
680,1.0191575742362753,-0.199463907716219,60,0.5,True,3,6.6583403868468904,1.5239999999999998
684,1.0181126135616485,-0.19679073958963447,60,0.5,True,3,6.6583403868468904,1.3106399999999998
sourcebus,1.0000774661486094,30.001382199261162,60,0.55,True,4,7.381942120443034,
650,1.0000596150502512,0.0010423386462151795,60,0.55,True,4,7.381942120443034,
rg60,1.0313001065560508,0.0018027635696759923,60,0.55,True,4,7.381942120443034,0.0
633,1.0253467327878583,0.054721564911173075,60,0.55,True,4,7.381942120443034,0.7619999999999999
634,1.0124190328608296,-0.3077248147811862,60,0.55,True,4,7.381942120443034,
671,1.0211363466117003,-0.47331097767209823,60,0.55,True,4,7.381942120443034,1.2191999999999998
645,1.0212689280632874,-119.62879503703152,60,0.55,True,4,7.381942120443034,0.7619999999999999
646,1.020320530394007,-119.67081153757842,60,0.55,True,4,7.381942120443034,0.8534399999999999
692,1.021136347555827,-0.4733110098910025,60,0.55,True,4,7.381942120443034,1.2192003047999997
675,1.0198840664011422,-0.5855493743878132,60,0.55,True,4,7.381942120443034,1.3716003047999998
611,1.0088612504466055,120.04038703387187,60,0.55,True,4,7.381942120443034,1.4020799999999998
652,1.0168134959902049,-0.4322087394595279,60,0.55,True,4,7.381942120443034,1.5544799999999999
670,1.0243001678464898,-0.17041569231158385,60,0.55,True,4,7.381942120443034,0.8129015999999999
632,1.0255112728585667,-0.02171120649427814,60,0.55,True,4,7.381942120443034,0.6095999999999999
680,1.0211363597011955,-0.47331132455196256,60,0.55,True,4,7.381942120443034,1.5239999999999998
684,1.019989391959308,-0.47333874039791995,60,0.55,True,4,7.381942120443034,1.3106399999999998
sourcebus,1.0000629233312779,30.000681056956545,60,0.65,True,5,10.804739625935216,
650,1.0000385091795656,-1.6831170829783433e-06,60,0.65,True,5,10.804739625935216,
rg60,1.0375159317059535,0.0006093600899100598,60,0.65,True,5,10.804739625935216,0.0
633,1.026773295506885,-0.2024154379125207,60,0.65,True,5,10.804739625935216,0.7619999999999999
634,1.011476911252216,-0.6305533856340937,60,0.65,True,5,10.804739625935216,
671,1.0192061700986736,-0.9933198665431269,60,0.65,True,5,10.804739625935216,1.2191999999999998
645,1.0188399864610518,-119.80640130229887,60,0.65,True,5,10.804739625935216,0.7619999999999999
646,1.0177212339729977,-119.85612989592082,60,0.65,True,5,10.804739625935216,0.8534399999999999
692,1.019206170140612,-0.9933198676797244,60,0.65,True,5,10.804739625935216,1.2192003047999997
675,1.01719977530834,-1.1196185661523796,60,0.65,True,5,10.804739625935216,1.3716003047999998
611,1.002658023487834,119.68882944078612,60,0.65,True,5,10.804739625935216,1.4020799999999998
652,1.014121318418572,-0.9498763565044438,60,0.65,True,5,10.804739625935216,1.5544799999999999
670,1.0248416558468312,-0.5097040542376889,60,0.65,True,5,10.804739625935216,0.8129015999999999
632,1.0272358724839477,-0.27227263974272065,60,0.65,True,5,10.804739625935216,0.6095999999999999
680,1.0192061831710777,-0.9933202148249507,60,0.65,True,5,10.804739625935216,1.5239999999999998
684,1.0178648652823574,-0.9984712611492481,60,0.65,True,5,10.804739625935216,1.3106399999999998
sourcebus,1.000040878975175,29.999641721714568,60,0.8,True,6,20.690932205315217,
650,1.0000058905436897,-0.001542050788198447,60,0.8,True,6,20.690932205315217,
rg60,1.0437127182734,-0.0011315793809670094,60,0.8,True,6,20.690932205315217,0.0
633,1.0254868314765015,-0.5725890776838327,60,0.8,True,6,20.690932205315217,0.7619999999999999
634,1.0065591242870735,-1.102796138253972,60,0.8,True,6,20.690932205315217,
671,1.0127230806126744,-1.7530080104748458,60,0.8,True,6,20.690932205315217,1.2191999999999998
645,1.0214991073929096,-120.09054188407652,60,0.8,True,6,20.690932205315217,0.7619999999999999
646,1.020119043630775,-120.15173106070084,60,0.8,True,6,20.690932205315217,0.8534399999999999
692,1.012723079292271,-1.7530079630972957,60,0.8,True,6,20.690932205315217,1.2192003047999997
675,1.0095585912194696,-1.9000133657760028,60,0.8,True,6,20.690932205315217,1.3716003047999998
611,0.9967535503160975,119.16705454926876,60,0.8,True,6,20.690932205315217,1.4020799999999998
652,1.0065282076809592,-1.7058868887262788,60,0.8,True,6,20.690932205315217,1.5544799999999999
670,1.022169669873137,-1.0013507250338434,60,0.8,True,6,20.690932205315217,0.8129015999999999
632,1.0264060384546867,-0.6334422350460238,60,0.8,True,6,20.690932205315217,0.6095999999999999
680,1.0127230935853957,-1.7530083614778402,60,0.8,True,6,20.690932205315217,1.5239999999999998
684,1.0111013769202206,-1.7656633192227678,60,0.8,True,6,20.690932205315217,1.3106399999999998
sourcebus,1.0000258096246673,29.998947327936616,60,0.9,True,7,30.526315075625526,
650,0.9999835462547849,-0.0025692274962135996,60,0.9,True,7,30.526315075625526,
rg60,1.0499257984974484,-0.0022863375780857037,60,0.9,True,7,30.526315075625526,0.0
633,1.0266125569487907,-0.8210734548774304,60,0.9,True,7,30.526315075625526,0.7619999999999999
634,1.0052883370549068,-1.4175861751045953,60,0.9,True,7,30.526315075625526,
671,1.0103443544016213,-2.2642222535168046,60,0.9,True,7,30.526315075625526,1.2191999999999998
645,1.0254744716676072,-120.27914595523151,60,0.9,True,7,30.526315075625526,0.7619999999999999
646,1.0239182258852284,-120.34771946445558,60,0.9,True,7,30.526315075625526,0.8534399999999999
692,1.0103443521626327,-2.264222174134313,60,0.9,True,7,30.526315075625526,1.2192003047999997
675,1.0064060262809431,-2.4253622811956377,60,0.9,True,7,30.526315075625526,1.3716003047999998
611,0.9905091247749532,118.83493713502044,60,0.9,True,7,30.526315075625526,1.4020799999999998
652,1.0034056275515326,-2.2147141090281077,60,0.9,True,7,30.526315075625526,1.5544799999999999
670,1.0223557401352594,-1.331050493295778,60,0.9,True,7,30.526315075625526,0.8129015999999999
632,1.027838635359966,-0.8754831567632881,60,0.9,True,7,30.526315075625526,0.6095999999999999
680,1.0103443673322994,-2.264222606899225,60,0.9,True,7,30.526315075625526,1.5239999999999998
684,1.0085346246279252,-2.2819343574612363,60,0.9,True,7,30.526315075625526,1.3106399999999998
sourcebus,1.0000180290951357,29.998609446326192,60,0.95,True,8,36.60811260279603,
650,0.9999720642781443,-0.0030700094972183995,60,0.95,True,8,36.60811260279603,
rg60,1.0499070563996133,-0.0028428068875682657,60,0.95,True,8,36.60811260279603,0.0
633,1.0239523418507492,-0.9477549449535344,60,0.95,True,8,36.60811260279603,0.7619999999999999
634,1.001351633461756,-1.5815164174064804,60,0.95,True,8,36.60811260279603,
671,1.0058764723850169,-2.53012218798262,60,0.95,True,8,36.60811260279603,1.2191999999999998
645,1.0242665734573566,-120.37081572133454,60,0.95,True,8,36.60811260279603,0.7619999999999999
646,1.0226270608694,-120.4430525547201,60,0.95,True,8,36.60811260279603,0.8534399999999999
692,1.0058764696774556,-2.5301220909393836,60,0.95,True,8,36.60811260279603,1.2192003047999997
675,1.0015259392372826,-2.698887235484505,60,0.95,True,8,36.60811260279603,1.3716003047999998
611,0.983930921320269,118.66949379709976,60,0.95,True,8,36.60811260279603,1.4020799999999998
652,0.9985942988123501,-2.4794640670556576,60,0.95,True,8,36.60811260279603,1.5544799999999999
670,1.0192099834011774,-1.500929919569903,60,0.95,True,8,36.60811260279603,0.8129015999999999
632,1.0253371782580885,-0.9992663420490088,60,0.95,True,8,36.60811260279603,0.6095999999999999
680,1.0058764852528568,-2.5301225426662866,60,0.95,True,8,36.60811260279603,1.5239999999999998
684,1.0039823497433198,-2.550403069929623,60,0.95,True,8,36.60811260279603,1.3106399999999998
sourcebus,1.0000101063258215,29.99826857612634,60,1.0,True,9,43.10824351734501,
650,0.999960284188549,-0.0035966182848379716,60,1.0,True,9,43.10824351734501,
rg60,1.0561371421238477,-0.003434042034593133,60,1.0,True,9,43.10824351734501,0.0
633,1.0277611349722475,-1.0663964334353584,60,1.0,True,9,43.10824351734501,0.7619999999999999
634,1.0040259643915668,-1.7294202948290003,60,1.0,True,9,43.10824351734501,
671,1.0080401948816207,-2.775891767619276,60,1.0,True,9,43.10824351734501,1.2191999999999998
645,1.0229970537913091,-120.45850877981938,60,1.0,True,9,43.10824351734501,0.7619999999999999
646,1.0212715219055728,-120.53481038977806,60,1.0,True,9,43.10824351734501,0.8534399999999999
692,1.0080401917171102,-2.7758916559132985,60,1.0,True,9,43.10824351734501,1.2192003047999997
675,1.0033274520904831,-2.9518196958300367,60,1.0,True,9,43.10824351734501,1.3716003047999998
611,0.9840155428051073,118.49396749907217,60,1.0,True,9,43.10824351734501,1.4020799999999998
652,1.0003625555618243,-2.7239957168077678,60,1.0,True,9,43.10824351734501,1.5544799999999999
670,1.0225741535912634,-1.6582431726705888,60,1.0,True,9,43.10824351734501,0.8129015999999999
632,1.0292911905830826,-1.1144270436359236,60,1.0,True,9,43.10824351734501,0.6095999999999999
680,1.0080402077893573,-2.7758921224344486,60,1.0,True,9,43.10824351734501,1.5239999999999998
684,1.0060443012529405,-2.798651373438394,60,1.0,True,9,43.10824351734501,1.3106399999999998
sourcebus,1.0000101063258215,29.99826857612634,60,1.0,True,10,43.10824351734501,
650,0.999960284188549,-0.0035966182848379716,60,1.0,True,10,43.10824351734501,
rg60,1.0561371421238477,-0.003434042034593133,60,1.0,True,10,43.10824351734501,0.0
633,1.0277611349722475,-1.0663964334353584,60,1.0,True,10,43.10824351734501,0.7619999999999999
634,1.0040259643915668,-1.7294202948290003,60,1.0,True,10,43.10824351734501,
671,1.0080401948816207,-2.775891767619276,60,1.0,True,10,43.10824351734501,1.2191999999999998
645,1.0229970537913091,-120.45850877981938,60,1.0,True,10,43.10824351734501,0.7619999999999999
646,1.0212715219055728,-120.53481038977806,60,1.0,True,10,43.10824351734501,0.8534399999999999
692,1.0080401917171102,-2.7758916559132985,60,1.0,True,10,43.10824351734501,1.2192003047999997
675,1.0033274520904831,-2.9518196958300367,60,1.0,True,10,43.10824351734501,1.3716003047999998
611,0.9840155428051073,118.49396749907217,60,1.0,True,10,43.10824351734501,1.4020799999999998
652,1.0003625555618243,-2.7239957168077678,60,1.0,True,10,43.10824351734501,1.5544799999999999
670,1.0225741535912634,-1.6582431726705888,60,1.0,True,10,43.10824351734501,0.8129015999999999
632,1.0292911905830826,-1.1144270436359236,60,1.0,True,10,43.10824351734501,0.6095999999999999
680,1.0080402077893573,-2.7758921224344486,60,1.0,True,10,43.10824351734501,1.5239999999999998
684,1.0060443012529405,-2.798651373438394,60,1.0,True,10,43.10824351734501,1.3106399999999998
sourcebus,1.0000180290951357,29.998609446326192,60,0.95,True,11,36.60811260279603,
650,0.9999720642781443,-0.0030700094972183995,60,0.95,True,11,36.60811260279603,
rg60,1.0499070563996133,-0.0028428068875682657,60,0.95,True,11,36.60811260279603,0.0
633,1.0239523418507492,-0.9477549449535344,60,0.95,True,11,36.60811260279603,0.7619999999999999
634,1.001351633461756,-1.5815164174064804,60,0.95,True,11,36.60811260279603,
671,1.0058764723850169,-2.53012218798262,60,0.95,True,11,36.60811260279603,1.2191999999999998
645,1.0242665734573566,-120.37081572133454,60,0.95,True,11,36.60811260279603,0.7619999999999999
646,1.0226270608694,-120.4430525547201,60,0.95,True,11,36.60811260279603,0.8534399999999999
692,1.0058764696774556,-2.5301220909393836,60,0.95,True,11,36.60811260279603,1.2192003047999997
675,1.0015259392372826,-2.698887235484505,60,0.95,True,11,36.60811260279603,1.3716003047999998
611,0.983930921320269,118.66949379709976,60,0.95,True,11,36.60811260279603,1.4020799999999998
652,0.9985942988123501,-2.4794640670556576,60,0.95,True,11,36.60811260279603,1.5544799999999999
670,1.0192099834011774,-1.500929919569903,60,0.95,True,11,36.60811260279603,0.8129015999999999
632,1.0253371782580885,-0.9992663420490088,60,0.95,True,11,36.60811260279603,0.6095999999999999
680,1.0058764852528568,-2.5301225426662866,60,0.95,True,11,36.60811260279603,1.5239999999999998
684,1.0039823497433198,-2.550403069929623,60,0.95,True,11,36.60811260279603,1.3106399999999998
sourcebus,1.0000258096246673,29.998947327936616,60,0.9,True,12,30.526315075625526,
650,0.9999835462547849,-0.0025692274962135996,60,0.9,True,12,30.526315075625526,
rg60,1.0499257984974484,-0.0022863375780857037,60,0.9,True,12,30.526315075625526,0.0
633,1.0266125569487907,-0.8210734548774304,60,0.9,True,12,30.526315075625526,0.7619999999999999
634,1.0052883370549068,-1.4175861751045953,60,0.9,True,12,30.526315075625526,
671,1.0103443544016213,-2.2642222535168046,60,0.9,True,12,30.526315075625526,1.2191999999999998
645,1.0254744716676072,-120.27914595523151,60,0.9,True,12,30.526315075625526,0.7619999999999999
646,1.0239182258852284,-120.34771946445558,60,0.9,True,12,30.526315075625526,0.8534399999999999
692,1.0103443521626327,-2.264222174134313,60,0.9,True,12,30.526315075625526,1.2192003047999997
675,1.0064060262809431,-2.4253622811956377,60,0.9,True,12,30.526315075625526,1.3716003047999998
611,0.9905091247749532,118.83493713502044,60,0.9,True,12,30.526315075625526,1.4020799999999998
652,1.0034056275515326,-2.2147141090281077,60,0.9,True,12,30.526315075625526,1.5544799999999999
670,1.0223557401352594,-1.331050493295778,60,0.9,True,12,30.526315075625526,0.8129015999999999
632,1.027838635359966,-0.8754831567632881,60,0.9,True,12,30.526315075625526,0.6095999999999999
680,1.0103443673322994,-2.264222606899225,60,0.9,True,12,30.526315075625526,1.5239999999999998
684,1.0085346246279252,-2.2819343574612363,60,0.9,True,12,30.526315075625526,1.3106399999999998
sourcebus,1.0000258096246673,29.998947327936616,60,0.9,True,13,30.526315075625526,
650,0.9999835462547849,-0.0025692274962135996,60,0.9,True,13,30.526315075625526,
rg60,1.0499257984974484,-0.0022863375780857037,60,0.9,True,13,30.526315075625526,0.0
633,1.0266125569487907,-0.8210734548774304,60,0.9,True,13,30.526315075625526,0.7619999999999999
634,1.0052883370549068,-1.4175861751045953,60,0.9,True,13,30.526315075625526,
671,1.0103443544016213,-2.2642222535168046,60,0.9,True,13,30.526315075625526,1.2191999999999998
645,1.0254744716676072,-120.27914595523151,60,0.9,True,13,30.526315075625526,0.7619999999999999
646,1.0239182258852284,-120.34771946445558,60,0.9,True,13,30.526315075625526,0.8534399999999999
692,1.0103443521626327,-2.264222174134313,60,0.9,True,13,30.526315075625526,1.2192003047999997
675,1.0064060262809431,-2.4253622811956377,60,0.9,True,13,30.526315075625526,1.3716003047999998
611,0.9905091247749532,118.83493713502044,60,0.9,True,13,30.526315075625526,1.4020799999999998
652,1.0034056275515326,-2.2147141090281077,60,0.9,True,13,30.526315075625526,1.5544799999999999
670,1.0223557401352594,-1.331050493295778,60,0.9,True,13,30.526315075625526,0.8129015999999999
632,1.027838635359966,-0.8754831567632881,60,0.9,True,13,30.526315075625526,0.6095999999999999
680,1.0103443673322994,-2.264222606899225,60,0.9,True,13,30.526315075625526,1.5239999999999998
684,1.0085346246279252,-2.2819343574612363,60,0.9,True,13,30.526315075625526,1.3106399999999998
sourcebus,1.0000180290951357,29.998609446326192,60,0.95,True,14,36.60811260279603,
650,0.9999720642781443,-0.0030700094972183995,60,0.95,True,14,36.60811260279603,
rg60,1.0499070563996133,-0.0028428068875682657,60,0.95,True,14,36.60811260279603,0.0
633,1.0239523418507492,-0.9477549449535344,60,0.95,True,14,36.60811260279603,0.7619999999999999
634,1.001351633461756,-1.5815164174064804,60,0.95,True,14,36.60811260279603,
671,1.0058764723850169,-2.53012218798262,60,0.95,True,14,36.60811260279603,1.2191999999999998
645,1.0242665734573566,-120.37081572133454,60,0.95,True,14,36.60811260279603,0.7619999999999999
646,1.0226270608694,-120.4430525547201,60,0.95,True,14,36.60811260279603,0.8534399999999999
692,1.0058764696774556,-2.5301220909393836,60,0.95,True,14,36.60811260279603,1.2192003047999997
675,1.0015259392372826,-2.698887235484505,60,0.95,True,14,36.60811260279603,1.3716003047999998
611,0.983930921320269,118.66949379709976,60,0.95,True,14,36.60811260279603,1.4020799999999998
652,0.9985942988123501,-2.4794640670556576,60,0.95,True,14,36.60811260279603,1.5544799999999999
670,1.0192099834011774,-1.500929919569903,60,0.95,True,14,36.60811260279603,0.8129015999999999
632,1.0253371782580885,-0.9992663420490088,60,0.95,True,14,36.60811260279603,0.6095999999999999
680,1.0058764852528568,-2.5301225426662866,60,0.95,True,14,36.60811260279603,1.5239999999999998
684,1.0039823497433198,-2.550403069929623,60,0.95,True,14,36.60811260279603,1.3106399999999998
sourcebus,1.0000101063258215,29.99826857612634,60,1.0,True,15,43.10824351734501,
650,0.999960284188549,-0.0035966182848379716,60,1.0,True,15,43.10824351734501,
rg60,1.0561371421238477,-0.003434042034593133,60,1.0,True,15,43.10824351734501,0.0
633,1.0277611349722475,-1.0663964334353584,60,1.0,True,15,43.10824351734501,0.7619999999999999
634,1.0040259643915668,-1.7294202948290003,60,1.0,True,15,43.10824351734501,
671,1.0080401948816207,-2.775891767619276,60,1.0,True,15,43.10824351734501,1.2191999999999998
645,1.0229970537913091,-120.45850877981938,60,1.0,True,15,43.10824351734501,0.7619999999999999
646,1.0212715219055728,-120.53481038977806,60,1.0,True,15,43.10824351734501,0.8534399999999999
692,1.0080401917171102,-2.7758916559132985,60,1.0,True,15,43.10824351734501,1.2192003047999997
675,1.0033274520904831,-2.9518196958300367,60,1.0,True,15,43.10824351734501,1.3716003047999998
611,0.9840155428051073,118.49396749907217,60,1.0,True,15,43.10824351734501,1.4020799999999998
652,1.0003625555618243,-2.7239957168077678,60,1.0,True,15,43.10824351734501,1.5544799999999999
670,1.0225741535912634,-1.6582431726705888,60,1.0,True,15,43.10824351734501,0.8129015999999999
632,1.0292911905830826,-1.1144270436359236,60,1.0,True,15,43.10824351734501,0.6095999999999999
680,1.0080402077893573,-2.7758921224344486,60,1.0,True,15,43.10824351734501,1.5239999999999998
684,1.0060443012529405,-2.798651373438394,60,1.0,True,15,43.10824351734501,1.3106399999999998
sourcebus,1.000002152446001,29.99793386621415,60,1.05,True,16,50.59411481053282,
650,0.9999484976666654,-0.004094761505270479,60,1.05,True,16,50.59411481053282,
rg60,1.0561178495874224,-0.003983444357828531,60,1.05,True,16,50.59411481053282,0.0
633,1.0250519342564464,-1.1925963465428944,60,1.05,True,16,50.59411481053282,0.7619999999999999
634,1.0000263342285196,-1.8934009555783573,60,1.05,True,16,50.59411481053282,
671,1.0035044613631765,-3.043152562228118,60,1.05,True,16,50.59411481053282,1.2191999999999998
645,1.0217734258348035,-120.55088948589992,60,1.05,True,16,50.59411481053282,0.7619999999999999
646,1.019965210350695,-120.63084305859968,60,1.05,True,16,50.59411481053282,0.8534399999999999
692,1.0035044577237673,-3.0431524325053494,60,1.05,True,16,50.59411481053282,1.2192003047999997
675,0.9983743040473907,-3.2269175937789947,60,1.05,True,16,50.59411481053282,1.3716003047999998
611,0.9773632988012907,118.32773278785903,60,1.05,True,16,50.59411481053282,1.4020799999999998
652,0.9954894272846022,-2.9901039537877443,60,1.05,True,16,50.59411481053282,1.5544799999999999
670,1.0193718702419503,-1.827985588202123,60,1.05,True,16,50.59411481053282,0.8129015999999999
632,1.026742478283114,-1.2377090032399525,60,1.05,True,16,50.59411481053282,0.6095999999999999
680,1.0035044742071402,-3.0431529183598744,60,1.05,True,16,50.59411481053282,1.5239999999999998
684,1.0014262690197562,-3.068474165239081,60,1.05,True,16,50.59411481053282,1.3106399999999998
sourcebus,0.9999941147022696,29.997600851170613,60,1.1,True,17,58.82720375269935,
650,0.99993656680941,-0.00459112688513161,60,1.1,True,17,58.82720375269935,
rg60,1.056098351270041,-0.004528692963280455,60,1.1,True,17,58.82720375269935,0.0
633,1.0223125120083325,-1.3194114055552535,60,1.1,True,17,58.82720375269935,0.7619999999999999
634,0.9959846738400696,-2.0585370012734603,60,1.1,True,17,58.82720375269935,
671,0.998926676839387,-3.312860303238333,60,1.1,True,17,58.82720375269935,1.2191999999999998
645,1.020545622044245,-120.64350403656827,60,1.1,True,17,58.82720375269935,0.7619999999999999
646,1.0186550887424042,-120.72709181427902,60,1.1,True,17,58.82720375269935,0.8534399999999999
692,0.9989266727203009,-3.312860155206349,60,1.1,True,17,58.82720375269935,1.2192003047999997
675,0.9933747679004953,-3.504637089548131,60,1.1,True,17,58.82720375269935,1.3716003047999998
611,0.9706553008745447,118.16043129599888,60,1.1,True,17,58.82720375269935,1.4020799999999998
652,0.9905787977278384,-3.2586596092390696,60,1.1,True,17,58.82720375269935,1.5544799999999999
670,1.0161351659102527,-1.9987833458797213,60,1.1,True,17,58.82720375269935,0.8129015999999999
632,1.0241650002898792,-1.361568528626729,60,1.1,True,17,58.82720375269935,0.6095999999999999
680,0.998926689619048,-3.31286066071033,60,1.1,True,17,58.82720375269935,1.5239999999999998
684,0.9967677369183771,-3.3407422783214846,60,1.1,True,17,58.82720375269935,1.3106399999999998
sourcebus,1.000002152446001,29.99793386621415,60,1.05,True,18,50.59411481053282,
650,0.9999484976666654,-0.004094761505270479,60,1.05,True,18,50.59411481053282,
rg60,1.0561178495874224,-0.003983444357828531,60,1.05,True,18,50.59411481053282,0.0
633,1.0250519342564464,-1.1925963465428944,60,1.05,True,18,50.59411481053282,0.7619999999999999
634,1.0000263342285196,-1.8934009555783573,60,1.05,True,18,50.59411481053282,
671,1.0035044613631765,-3.043152562228118,60,1.05,True,18,50.59411481053282,1.2191999999999998
645,1.0217734258348035,-120.55088948589992,60,1.05,True,18,50.59411481053282,0.7619999999999999
646,1.019965210350695,-120.63084305859968,60,1.05,True,18,50.59411481053282,0.8534399999999999
692,1.0035044577237673,-3.0431524325053494,60,1.05,True,18,50.59411481053282,1.2192003047999997
675,0.9983743040473907,-3.2269175937789947,60,1.05,True,18,50.59411481053282,1.3716003047999998
611,0.9773632988012907,118.32773278785903,60,1.05,True,18,50.59411481053282,1.4020799999999998
652,0.9954894272846022,-2.9901039537877443,60,1.05,True,18,50.59411481053282,1.5544799999999999
670,1.0193718702419503,-1.827985588202123,60,1.05,True,18,50.59411481053282,0.8129015999999999
632,1.026742478283114,-1.2377090032399525,60,1.05,True,18,50.59411481053282,0.6095999999999999
680,1.0035044742071402,-3.0431529183598744,60,1.05,True,18,50.59411481053282,1.5239999999999998
684,1.0014262690197562,-3.068474165239081,60,1.05,True,18,50.59411481053282,1.3106399999999998
sourcebus,1.0000180290951357,29.998609446326192,60,0.95,True,19,36.60811260279603,
650,0.9999720642781443,-0.0030700094972183995,60,0.95,True,19,36.60811260279603,
rg60,1.0499070563996133,-0.0028428068875682657,60,0.95,True,19,36.60811260279603,0.0
633,1.0239523418507492,-0.9477549449535344,60,0.95,True,19,36.60811260279603,0.7619999999999999
634,1.001351633461756,-1.5815164174064804,60,0.95,True,19,36.60811260279603,
671,1.0058764723850169,-2.53012218798262,60,0.95,True,19,36.60811260279603,1.2191999999999998
645,1.0242665734573566,-120.37081572133454,60,0.95,True,19,36.60811260279603,0.7619999999999999
646,1.0226270608694,-120.4430525547201,60,0.95,True,19,36.60811260279603,0.8534399999999999
692,1.0058764696774556,-2.5301220909393836,60,0.95,True,19,36.60811260279603,1.2192003047999997
675,1.0015259392372826,-2.698887235484505,60,0.95,True,19,36.60811260279603,1.3716003047999998
611,0.983930921320269,118.66949379709976,60,0.95,True,19,36.60811260279603,1.4020799999999998
652,0.9985942988123501,-2.4794640670556576,60,0.95,True,19,36.60811260279603,1.5544799999999999
670,1.0192099834011774,-1.500929919569903,60,0.95,True,19,36.60811260279603,0.8129015999999999
632,1.0253371782580885,-0.9992663420490088,60,0.95,True,19,36.60811260279603,0.6095999999999999
680,1.0058764852528568,-2.5301225426662866,60,0.95,True,19,36.60811260279603,1.5239999999999998
684,1.0039823497433198,-2.550403069929623,60,0.95,True,19,36.60811260279603,1.3106399999999998
sourcebus,1.0000332572350197,29.999300876119563,60,0.85,True,20,25.409857997606263,
650,0.9999946902547271,-0.002045737863105268,60,0.85,True,20,25.409857997606263,
rg60,1.0436944875358931,-0.0016952871381366475,60,0.85,True,20,25.409857997606263,0.0
633,1.0228702866994772,-0.6993375472843715,60,0.85,True,20,25.409857997606263,0.7619999999999999
634,1.0026786038562054,-1.2663082414573783,60,0.85,True,20,25.409857997606263,
671,1.00831353185972,-2.0170231800909306,60,0.85,True,20,25.409857997606263,1.2191999999999998
645,1.0202880180847844,-120.18276282262181,60,0.85,True,20,25.409857997606263,0.7619999999999999
646,1.018824536294989,-120.2476477575804,60,0.85,True,20,25.409857997606263,0.8534399999999999
692,1.0083135300766932,-2.017023115383532,60,0.85,True,20,25.409857997606263,1.2192003047999997
675,1.004742306552248,-2.171432754123087,60,0.85,True,20,25.409857997606263,1.3716003047999998
611,0.9902517110620495,119.00177766005082,60,0.85,True,20,25.409857997606263,1.4020799999999998
652,1.0017693188236219,-1.9687558977558464,60,0.85,True,20,25.409857997606263,1.5544799999999999
670,1.019073765742862,-1.1709108745498065,60,0.85,True,20,25.409857997606263,0.8129015999999999
632,1.0239466965239479,-0.7573289088608764,60,0.85,True,20,25.409857997606263,0.6095999999999999
680,1.0083135447703357,-2.017023532362583,60,0.85,True,20,25.409857997606263,1.5239999999999998
684,1.0066054067634196,-2.032255289313825,60,0.85,True,20,25.409857997606263,1.3106399999999998
sourcebus,1.0000484405035228,29.99998954159984,60,0.75,True,21,16.771971382990152,
650,1.0000169837369723,-0.0010123272987937104,60,0.75,True,21,16.771971382990152,
rg60,1.037480971014213,-0.0005291203816395356,60,0.75,True,21,16.771971382990152,0.0
633,1.0216151069703563,-0.44729578933004016,60,0.75,True,21,16.771971382990152,0.7619999999999999
634,1.0038257767743708,-0.947567626746322,60,0.75,True,21,16.771971382990152,
671,1.0104744279202131,-1.4985597547204468,60,0.75,True,21,16.771971382990152,1.2191999999999998
645,1.0227464355525873,-120.0037475785462,60,0.75,True,21,16.771971382990152,0.7619999999999999
646,1.0214525371913339,-120.0609165826185,60,0.75,True,21,16.771971382990152,0.8534399999999999
692,1.0104744270557546,-1.4985597220100162,60,0.75,True,21,16.771971382990152,1.2192003047999997
675,1.0076715363736888,-1.63840931098721,60,0.75,True,21,16.771971382990152,1.3716003047999998
611,0.9966343804017499,119.34786322717436,60,0.75,True,21,16.771971382990152,1.4020799999999998
652,1.0046754013795836,-1.4526547088575672,60,0.75,True,21,16.771971382990152,1.5544799999999999
670,1.0187299411259307,-0.8364065029174425,60,0.75,True,21,16.771971382990152,0.8129015999999999
632,1.0223885556480392,-0.5118146569858372,60,0.75,True,21,16.771971382990152,0.6095999999999999
680,1.0104744408514834,-1.4985601055581395,60,0.75,True,21,16.771971382990152,1.5239999999999998
684,1.0089547904517568,-1.5087060723522518,60,0.75,True,21,16.771971382990152,1.3106399999999998
sourcebus,1.000055898958515,30.00033370171645,60,0.7,True,22,13.398519881899338,
650,1.000027893747941,-0.0005059534622067581,60,0.7,True,22,13.398519881899338,
rg60,1.037498681839031,4.1501582010951316e-05,60,0.7,True,22,13.398519881899338,0.0
633,1.0241849916751613,-0.32007732100406394,60,0.7,True,22,13.398519881899338,0.7619999999999999
634,1.0076469749638721,-0.784065587799162,60,0.7,True,22,13.398519881899338,
671,1.0148201336666296,-1.2358419075503047,60,0.7,True,22,13.398519881899338,1.2191999999999998
645,1.0239456488436725,-119.9121239265766,60,0.7,True,22,13.398519881899338,0.7619999999999999
646,1.0227357147338811,-119.9655865422172,60,0.7,True,22,13.398519881899338,0.8534399999999999
692,1.0148201332590179,-1.235841891847503,60,0.7,True,22,13.398519881899338,1.2192003047999997
675,1.0124189793804756,-1.3684854996456506,60,0.7,True,22,13.398519881899338,1.3716003047999998
611,1.0030661199107613,119.5125919226635,60,0.7,True,22,13.398519881899338,1.4020799999999998
652,1.009376183170842,-1.191080126449338,60,0.7,True,22,13.398519881899338,1.5544799999999999
670,1.0217721671529103,-0.6667160042570655,60,0.7,True,22,13.398519881899338,0.8129015999999999
632,1.0248028202776844,-0.3874434180131324,60,0.7,True,22,13.398519881899338,0.6095999999999999
680,1.0148201466591147,-1.23584225713484,60,0.7,True,22,13.398519881899338,1.5239999999999998
684,1.0133889022815126,-1.2434043152460557,60,0.7,True,22,13.398519881899338,1.3106399999999998
sourcebus,1.0000629233312779,30.000681056956545,60,0.65,True,23,10.804739625935216,
650,1.0000385091795656,-1.6831170829783433e-06,60,0.65,True,23,10.804739625935216,
rg60,1.0375159317059535,0.0006093600899100598,60,0.65,True,23,10.804739625935216,0.0
633,1.026773295506885,-0.2024154379125207,60,0.65,True,23,10.804739625935216,0.7619999999999999
634,1.011476911252216,-0.6305533856340937,60,0.65,True,23,10.804739625935216,
671,1.0192061700986736,-0.9933198665431269,60,0.65,True,23,10.804739625935216,1.2191999999999998
645,1.0188399864610518,-119.80640130229887,60,0.65,True,23,10.804739625935216,0.7619999999999999
646,1.0177212339729977,-119.85612989592082,60,0.65,True,23,10.804739625935216,0.8534399999999999
692,1.019206170140612,-0.9933198676797244,60,0.65,True,23,10.804739625935216,1.2192003047999997
675,1.01719977530834,-1.1196185661523796,60,0.65,True,23,10.804739625935216,1.3716003047999998
611,1.002658023487834,119.68882944078612,60,0.65,True,23,10.804739625935216,1.4020799999999998
652,1.014121318418572,-0.9498763565044438,60,0.65,True,23,10.804739625935216,1.5544799999999999
670,1.0248416558468312,-0.5097040542376889,60,0.65,True,23,10.804739625935216,0.8129015999999999
632,1.0272358724839477,-0.27227263974272065,60,0.65,True,23,10.804739625935216,0.6095999999999999
680,1.0192061831710777,-0.9933202148249507,60,0.65,True,23,10.804739625935216,1.5239999999999998
684,1.0178648652823574,-0.9984712611492481,60,0.65,True,23,10.804739625935216,1.3106399999999998
